Parameter,Correlation,AbsCorrelation,TargetVariable
default_heater_capacity_w,0.9817614541504286,0.9817614541504286,Heating:EnergyTransfer [J](Hourly)
sched_afternoon,-0.9666371350474476,0.9666371350474476,Heating:EnergyTransfer [J](Hourly)
default_tank_volume_liters,0.8855316148893959,0.8855316148893959,Heating:EnergyTransfer [J](Hourly)
cooling_night_setpoint,-0.8802023766656438,0.8802023766656438,Heating:EnergyTransfer [J](Hourly)
peak_hours,-0.8734769256259906,0.8734769256259906,Heating:EnergyTransfer [J](Hourly)
sched_peak,-0.8399471762466191,0.8399471762466191,Heating:EnergyTransfer [J](Hourly)
cooling_day_setpoint,0.8299779707038779,0.8299779707038779,Heating:EnergyTransfer [J](Hourly)
Back_Visible_Reflectance,-0.748679071507005,0.748679071507005,Heating:EnergyTransfer [J](Hourly)
heating_day_setpoint,-0.7349228021612324,0.7349228021612324,Heating:EnergyTransfer [J](Hourly)
Back_Solar_Reflectance,0.7190101821075766,0.7190101821075766,Heating:EnergyTransfer [J](Hourly)
Solar_Transmittance,-0.6844209425875883,0.6844209425875883,Heating:EnergyTransfer [J](Hourly)
Visible_Transmittance,0.680280269694081,0.680280269694081,Heating:EnergyTransfer [J](Hourly)
sched_morning,0.5943921604519795,0.5943921604519795,Heating:EnergyTransfer [J](Hourly)
liters_per_person_per_day,-0.5385446233654227,0.5385446233654227,Heating:EnergyTransfer [J](Hourly)
min_cooling_supply_air_temp,0.48023679419093207,0.48023679419093207,Heating:EnergyTransfer [J](Hourly)
Conductivity,0.47878146656924214,0.47878146656924214,Heating:EnergyTransfer [J](Hourly)
max_heating_supply_air_temp,0.44950953120523807,0.44950953120523807,Heating:EnergyTransfer [J](Hourly)
setpoint_c,-0.4082900679439568,0.4082900679439568,Heating:EnergyTransfer [J](Hourly)
Front_Solar_Reflectance,0.336059534936482,0.336059534936482,Heating:EnergyTransfer [J](Hourly)
Specific_Heat,-0.29767885488789686,0.29767885488789686,Heating:EnergyTransfer [J](Hourly)
usage_split_factor,-0.254911956300634,0.254911956300634,Heating:EnergyTransfer [J](Hourly)
sched_evening,-0.2484668924837971,0.2484668924837971,Heating:EnergyTransfer [J](Hourly)
Thermal_Resistance,0.24308974460441918,0.24308974460441918,Heating:EnergyTransfer [J](Hourly)
Front_Visible_Reflectance,0.1658830191027973,0.1658830191027973,Heating:EnergyTransfer [J](Hourly)
occupant_density_m2_per_person,-0.13388874174024984,0.13388874174024984,Heating:EnergyTransfer [J](Hourly)
heating_night_setpoint,0.09111312285046085,0.09111312285046085,Heating:EnergyTransfer [J](Hourly)
Density,0.011389731431544658,0.011389731431544658,Heating:EnergyTransfer [J](Hourly)
Back_IR_Emissivity,,,Heating:EnergyTransfer [J](Hourly)
Dirt_Correction_Factor,,,Heating:EnergyTransfer [J](Hourly)
Front_IR_Emissivity,,,Heating:EnergyTransfer [J](Hourly)
Heater_Fuel_Type,,,Heating:EnergyTransfer [J](Hourly)
Heater_Maximum_Capacity,,,Heating:EnergyTransfer [J](Hourly)
Heater_Thermal_Efficiency,,,Heating:EnergyTransfer [J](Hourly)
IR_Transmittance,,,Heating:EnergyTransfer [J](Hourly)
Name,,,Heating:EnergyTransfer [J](Hourly)
Optical_Data_Type,,,Heating:EnergyTransfer [J](Hourly)
Roughness,,,Heating:EnergyTransfer [J](Hourly)
Setpoint_Temperature_Schedule_Name,,,Heating:EnergyTransfer [J](Hourly)
Solar_Absorptance,,,Heating:EnergyTransfer [J](Hourly)
Solar_Diffusing,,,Heating:EnergyTransfer [J](Hourly)
Tank_Volume,,,Heating:EnergyTransfer [J](Hourly)
Thermal_Absorptance,,,Heating:EnergyTransfer [J](Hourly)
Thickness,,,Heating:EnergyTransfer [J](Hourly)
Use_Flow_Rate_Fraction_Schedule_Name,,,Heating:EnergyTransfer [J](Hourly)
Visible_Absorptance,,,Heating:EnergyTransfer [J](Hourly)
dhw_daily_liters,,,Heating:EnergyTransfer [J](Hourly)
dhw_fraction_schedule,,,Heating:EnergyTransfer [J](Hourly)
dhw_heater_capacity_w,,,Heating:EnergyTransfer [J](Hourly)
dhw_heater_fuel_type,,,Heating:EnergyTransfer [J](Hourly)
dhw_heater_thermal_eff,,,Heating:EnergyTransfer [J](Hourly)
dhw_occupant_count,,,Heating:EnergyTransfer [J](Hourly)
dhw_peak_flow_m3s,,,Heating:EnergyTransfer [J](Hourly)
dhw_setpoint_schedule,,,Heating:EnergyTransfer [J](Hourly)
dhw_tank_volume_m3,,,Heating:EnergyTransfer [J](Hourly)
dhw_waterheater_object_name,,,Heating:EnergyTransfer [J](Hourly)
doors_R_value_range_used,,,Heating:EnergyTransfer [J](Hourly)
doors_U_value,,,Heating:EnergyTransfer [J](Hourly)
doors_U_value_range_used,,,Heating:EnergyTransfer [J](Hourly)
doors_area_m2,,,Heating:EnergyTransfer [J](Hourly)
doors_construction_name,,,Heating:EnergyTransfer [J](Hourly)
doors_opq_material_name,,,Heating:EnergyTransfer [J](Hourly)
doors_win_material_name,,,Heating:EnergyTransfer [J](Hourly)
doors_window_construction_name,,,Heating:EnergyTransfer [J](Hourly)
equip_fraction_lost,,,Heating:EnergyTransfer [J](Hourly)
equip_fraction_radiant,,,Heating:EnergyTransfer [J](Hourly)
exterior_wall_R_value,,,Heating:EnergyTransfer [J](Hourly)
exterior_wall_R_value_range_used,,,Heating:EnergyTransfer [J](Hourly)
exterior_wall_U_value,,,Heating:EnergyTransfer [J](Hourly)
exterior_wall_U_value_range_used,,,Heating:EnergyTransfer [J](Hourly)
exterior_wall_area_m2,,,Heating:EnergyTransfer [J](Hourly)
exterior_wall_construction_name,,,Heating:EnergyTransfer [J](Hourly)
exterior_wall_opq_material_name,,,Heating:EnergyTransfer [J](Hourly)
exterior_wall_win_material_name,,,Heating:EnergyTransfer [J](Hourly)
exterior_wall_window_construction_name,,,Heating:EnergyTransfer [J](Hourly)
f_ctrl,,,Heating:EnergyTransfer [J](Hourly)
f_ctrl_range,,,Heating:EnergyTransfer [J](Hourly)
fan_pressure,,,Heating:EnergyTransfer [J](Hourly)
fan_pressure_range,,,Heating:EnergyTransfer [J](Hourly)
fenestration_objects,,,Heating:EnergyTransfer [J](Hourly)
final_wwr,,,Heating:EnergyTransfer [J](Hourly)
flat_roof_R_value,,,Heating:EnergyTransfer [J](Hourly)
flat_roof_R_value_range_used,,,Heating:EnergyTransfer [J](Hourly)
flat_roof_U_value,,,Heating:EnergyTransfer [J](Hourly)
flat_roof_U_value_range_used,,,Heating:EnergyTransfer [J](Hourly)
flat_roof_area_m2,,,Heating:EnergyTransfer [J](Hourly)
flat_roof_construction_name,,,Heating:EnergyTransfer [J](Hourly)
flat_roof_opq_material_name,,,Heating:EnergyTransfer [J](Hourly)
flat_roof_win_material_name,,,Heating:EnergyTransfer [J](Hourly)
flat_roof_window_construction_name,,,Heating:EnergyTransfer [J](Hourly)
flow_exponent,,,Heating:EnergyTransfer [J](Hourly)
ground_floor_R_value,,,Heating:EnergyTransfer [J](Hourly)
ground_floor_R_value_range_used,,,Heating:EnergyTransfer [J](Hourly)
ground_floor_U_value,,,Heating:EnergyTransfer [J](Hourly)
ground_floor_U_value_range_used,,,Heating:EnergyTransfer [J](Hourly)
ground_floor_area_m2,,,Heating:EnergyTransfer [J](Hourly)
ground_floor_construction_name,,,Heating:EnergyTransfer [J](Hourly)
ground_floor_opq_material_name,,,Heating:EnergyTransfer [J](Hourly)
ground_floor_win_material_name,,,Heating:EnergyTransfer [J](Hourly)
ground_floor_window_construction_name,,,Heating:EnergyTransfer [J](Hourly)
hrv_eff,,,Heating:EnergyTransfer [J](Hourly)
hrv_eff_range,,,Heating:EnergyTransfer [J](Hourly)
infiltration_base,,,Heating:EnergyTransfer [J](Hourly)
infiltration_base_range,,,Heating:EnergyTransfer [J](Hourly)
infiltration_schedule_name,,,Heating:EnergyTransfer [J](Hourly)
infiltration_total_m3_s,,,Heating:EnergyTransfer [J](Hourly)
inter_floor_R_value,,,Heating:EnergyTransfer [J](Hourly)
inter_floor_R_value_range_used,,,Heating:EnergyTransfer [J](Hourly)
inter_floor_U_value,,,Heating:EnergyTransfer [J](Hourly)
inter_floor_U_value_range_used,,,Heating:EnergyTransfer [J](Hourly)
inter_floor_area_m2,,,Heating:EnergyTransfer [J](Hourly)
inter_floor_construction_name,,,Heating:EnergyTransfer [J](Hourly)
inter_floor_opq_material_name,,,Heating:EnergyTransfer [J](Hourly)
inter_floor_win_material_name,,,Heating:EnergyTransfer [J](Hourly)
inter_floor_window_construction_name,,,Heating:EnergyTransfer [J](Hourly)
interior_wall_R_value,,,Heating:EnergyTransfer [J](Hourly)
interior_wall_R_value_range_used,,,Heating:EnergyTransfer [J](Hourly)
interior_wall_U_value,,,Heating:EnergyTransfer [J](Hourly)
interior_wall_U_value_range_used,,,Heating:EnergyTransfer [J](Hourly)
interior_wall_area_m2,,,Heating:EnergyTransfer [J](Hourly)
interior_wall_construction_name,,,Heating:EnergyTransfer [J](Hourly)
interior_wall_opq_material_name,,,Heating:EnergyTransfer [J](Hourly)
interior_wall_win_material_name,,,Heating:EnergyTransfer [J](Hourly)
interior_wall_window_construction_name,,,Heating:EnergyTransfer [J](Hourly)
lights_fraction_radiant,,,Heating:EnergyTransfer [J](Hourly)
lights_fraction_replaceable,,,Heating:EnergyTransfer [J](Hourly)
lights_fraction_visible,,,Heating:EnergyTransfer [J](Hourly)
lights_wm2,,,Heating:EnergyTransfer [J](Hourly)
obj_type,,,Heating:EnergyTransfer [J](Hourly)
parasitic_wm2,,,Heating:EnergyTransfer [J](Hourly)
roughness,,,Heating:EnergyTransfer [J](Hourly)
system_type,,,Heating:EnergyTransfer [J](Hourly)
tD,,,Heating:EnergyTransfer [J](Hourly)
tN,,,Heating:EnergyTransfer [J](Hourly)
top_opaque_material_name,,,Heating:EnergyTransfer [J](Hourly)
top_window_material_name,,,Heating:EnergyTransfer [J](Hourly)
ventilation_schedule_name,,,Heating:EnergyTransfer [J](Hourly)
ventilation_total_m3_s,,,Heating:EnergyTransfer [J](Hourly)
window1C_construction,,,Heating:EnergyTransfer [J](Hourly)
windows_R_value_range_used,,,Heating:EnergyTransfer [J](Hourly)
windows_U_value,,,Heating:EnergyTransfer [J](Hourly)
windows_U_value_range_used,,,Heating:EnergyTransfer [J](Hourly)
windows_area_m2,,,Heating:EnergyTransfer [J](Hourly)
windows_construction_name,,,Heating:EnergyTransfer [J](Hourly)
windows_opq_material_name,,,Heating:EnergyTransfer [J](Hourly)
windows_win_material_name,,,Heating:EnergyTransfer [J](Hourly)
windows_window_construction_name,,,Heating:EnergyTransfer [J](Hourly)
wwr,,,Heating:EnergyTransfer [J](Hourly)
wwr_range_used,,,Heating:EnergyTransfer [J](Hourly)
year_factor,,,Heating:EnergyTransfer [J](Hourly)
year_factor_range,,,Heating:EnergyTransfer [J](Hourly)
Thermal_Resistance,-0.9680341766227223,0.9680341766227223,Electricity:Facility [J](Hourly)
sched_peak,0.757190250670042,0.757190250670042,Electricity:Facility [J](Hourly)
Front_Visible_Reflectance,0.7249207286154948,0.7249207286154948,Electricity:Facility [J](Hourly)
setpoint_c,0.6875095978776729,0.6875095978776729,Electricity:Facility [J](Hourly)
Density,-0.6610234580214015,0.6610234580214015,Electricity:Facility [J](Hourly)
usage_split_factor,0.6542439867008545,0.6542439867008545,Electricity:Facility [J](Hourly)
Front_Solar_Reflectance,-0.637990298369271,0.637990298369271,Electricity:Facility [J](Hourly)
Specific_Heat,0.6019245256133381,0.6019245256133381,Electricity:Facility [J](Hourly)
heating_night_setpoint,-0.5321492563257464,0.5321492563257464,Electricity:Facility [J](Hourly)
default_heater_capacity_w,-0.42141521035554796,0.42141521035554796,Electricity:Facility [J](Hourly)
Back_Visible_Reflectance,0.4021426658291822,0.4021426658291822,Electricity:Facility [J](Hourly)
sched_morning,-0.3631057842434454,0.3631057842434454,Electricity:Facility [J](Hourly)
heating_day_setpoint,0.31333634054226805,0.31333634054226805,Electricity:Facility [J](Hourly)
Conductivity,-0.3117392100778282,0.3117392100778282,Electricity:Facility [J](Hourly)
Back_Solar_Reflectance,-0.2544109439026855,0.2544109439026855,Electricity:Facility [J](Hourly)
Solar_Transmittance,0.2484933714992179,0.2484933714992179,Electricity:Facility [J](Hourly)
Visible_Transmittance,0.23812739630182916,0.23812739630182916,Electricity:Facility [J](Hourly)
occupant_density_m2_per_person,-0.21812275333209863,0.21812275333209863,Electricity:Facility [J](Hourly)
min_cooling_supply_air_temp,-0.21023474496063613,0.21023474496063613,Electricity:Facility [J](Hourly)
cooling_day_setpoint,-0.2093076611596164,0.2093076611596164,Electricity:Facility [J](Hourly)
liters_per_person_per_day,0.18874042061321472,0.18874042061321472,Electricity:Facility [J](Hourly)
sched_afternoon,0.15563534365790727,0.15563534365790727,Electricity:Facility [J](Hourly)
cooling_night_setpoint,0.13015826311623985,0.13015826311623985,Electricity:Facility [J](Hourly)
sched_evening,0.12609464434624795,0.12609464434624795,Electricity:Facility [J](Hourly)
max_heating_supply_air_temp,-0.09783902037261147,0.09783902037261147,Electricity:Facility [J](Hourly)
default_tank_volume_liters,-0.08019586707339992,0.08019586707339992,Electricity:Facility [J](Hourly)
peak_hours,-0.011810478052500788,0.011810478052500788,Electricity:Facility [J](Hourly)
Back_IR_Emissivity,,,Electricity:Facility [J](Hourly)
Dirt_Correction_Factor,,,Electricity:Facility [J](Hourly)
Front_IR_Emissivity,,,Electricity:Facility [J](Hourly)
Heater_Fuel_Type,,,Electricity:Facility [J](Hourly)
Heater_Maximum_Capacity,,,Electricity:Facility [J](Hourly)
Heater_Thermal_Efficiency,,,Electricity:Facility [J](Hourly)
IR_Transmittance,,,Electricity:Facility [J](Hourly)
Name,,,Electricity:Facility [J](Hourly)
Optical_Data_Type,,,Electricity:Facility [J](Hourly)
Roughness,,,Electricity:Facility [J](Hourly)
Setpoint_Temperature_Schedule_Name,,,Electricity:Facility [J](Hourly)
Solar_Absorptance,,,Electricity:Facility [J](Hourly)
Solar_Diffusing,,,Electricity:Facility [J](Hourly)
Tank_Volume,,,Electricity:Facility [J](Hourly)
Thermal_Absorptance,,,Electricity:Facility [J](Hourly)
Thickness,,,Electricity:Facility [J](Hourly)
Use_Flow_Rate_Fraction_Schedule_Name,,,Electricity:Facility [J](Hourly)
Visible_Absorptance,,,Electricity:Facility [J](Hourly)
dhw_daily_liters,,,Electricity:Facility [J](Hourly)
dhw_fraction_schedule,,,Electricity:Facility [J](Hourly)
dhw_heater_capacity_w,,,Electricity:Facility [J](Hourly)
dhw_heater_fuel_type,,,Electricity:Facility [J](Hourly)
dhw_heater_thermal_eff,,,Electricity:Facility [J](Hourly)
dhw_occupant_count,,,Electricity:Facility [J](Hourly)
dhw_peak_flow_m3s,,,Electricity:Facility [J](Hourly)
dhw_setpoint_schedule,,,Electricity:Facility [J](Hourly)
dhw_tank_volume_m3,,,Electricity:Facility [J](Hourly)
dhw_waterheater_object_name,,,Electricity:Facility [J](Hourly)
doors_R_value_range_used,,,Electricity:Facility [J](Hourly)
doors_U_value,,,Electricity:Facility [J](Hourly)
doors_U_value_range_used,,,Electricity:Facility [J](Hourly)
doors_area_m2,,,Electricity:Facility [J](Hourly)
doors_construction_name,,,Electricity:Facility [J](Hourly)
doors_opq_material_name,,,Electricity:Facility [J](Hourly)
doors_win_material_name,,,Electricity:Facility [J](Hourly)
doors_window_construction_name,,,Electricity:Facility [J](Hourly)
equip_fraction_lost,,,Electricity:Facility [J](Hourly)
equip_fraction_radiant,,,Electricity:Facility [J](Hourly)
exterior_wall_R_value,,,Electricity:Facility [J](Hourly)
exterior_wall_R_value_range_used,,,Electricity:Facility [J](Hourly)
exterior_wall_U_value,,,Electricity:Facility [J](Hourly)
exterior_wall_U_value_range_used,,,Electricity:Facility [J](Hourly)
exterior_wall_area_m2,,,Electricity:Facility [J](Hourly)
exterior_wall_construction_name,,,Electricity:Facility [J](Hourly)
exterior_wall_opq_material_name,,,Electricity:Facility [J](Hourly)
exterior_wall_win_material_name,,,Electricity:Facility [J](Hourly)
exterior_wall_window_construction_name,,,Electricity:Facility [J](Hourly)
f_ctrl,,,Electricity:Facility [J](Hourly)
f_ctrl_range,,,Electricity:Facility [J](Hourly)
fan_pressure,,,Electricity:Facility [J](Hourly)
fan_pressure_range,,,Electricity:Facility [J](Hourly)
fenestration_objects,,,Electricity:Facility [J](Hourly)
final_wwr,,,Electricity:Facility [J](Hourly)
flat_roof_R_value,,,Electricity:Facility [J](Hourly)
flat_roof_R_value_range_used,,,Electricity:Facility [J](Hourly)
flat_roof_U_value,,,Electricity:Facility [J](Hourly)
flat_roof_U_value_range_used,,,Electricity:Facility [J](Hourly)
flat_roof_area_m2,,,Electricity:Facility [J](Hourly)
flat_roof_construction_name,,,Electricity:Facility [J](Hourly)
flat_roof_opq_material_name,,,Electricity:Facility [J](Hourly)
flat_roof_win_material_name,,,Electricity:Facility [J](Hourly)
flat_roof_window_construction_name,,,Electricity:Facility [J](Hourly)
flow_exponent,,,Electricity:Facility [J](Hourly)
ground_floor_R_value,,,Electricity:Facility [J](Hourly)
ground_floor_R_value_range_used,,,Electricity:Facility [J](Hourly)
ground_floor_U_value,,,Electricity:Facility [J](Hourly)
ground_floor_U_value_range_used,,,Electricity:Facility [J](Hourly)
ground_floor_area_m2,,,Electricity:Facility [J](Hourly)
ground_floor_construction_name,,,Electricity:Facility [J](Hourly)
ground_floor_opq_material_name,,,Electricity:Facility [J](Hourly)
ground_floor_win_material_name,,,Electricity:Facility [J](Hourly)
ground_floor_window_construction_name,,,Electricity:Facility [J](Hourly)
hrv_eff,,,Electricity:Facility [J](Hourly)
hrv_eff_range,,,Electricity:Facility [J](Hourly)
infiltration_base,,,Electricity:Facility [J](Hourly)
infiltration_base_range,,,Electricity:Facility [J](Hourly)
infiltration_schedule_name,,,Electricity:Facility [J](Hourly)
infiltration_total_m3_s,,,Electricity:Facility [J](Hourly)
inter_floor_R_value,,,Electricity:Facility [J](Hourly)
inter_floor_R_value_range_used,,,Electricity:Facility [J](Hourly)
inter_floor_U_value,,,Electricity:Facility [J](Hourly)
inter_floor_U_value_range_used,,,Electricity:Facility [J](Hourly)
inter_floor_area_m2,,,Electricity:Facility [J](Hourly)
inter_floor_construction_name,,,Electricity:Facility [J](Hourly)
inter_floor_opq_material_name,,,Electricity:Facility [J](Hourly)
inter_floor_win_material_name,,,Electricity:Facility [J](Hourly)
inter_floor_window_construction_name,,,Electricity:Facility [J](Hourly)
interior_wall_R_value,,,Electricity:Facility [J](Hourly)
interior_wall_R_value_range_used,,,Electricity:Facility [J](Hourly)
interior_wall_U_value,,,Electricity:Facility [J](Hourly)
interior_wall_U_value_range_used,,,Electricity:Facility [J](Hourly)
interior_wall_area_m2,,,Electricity:Facility [J](Hourly)
interior_wall_construction_name,,,Electricity:Facility [J](Hourly)
interior_wall_opq_material_name,,,Electricity:Facility [J](Hourly)
interior_wall_win_material_name,,,Electricity:Facility [J](Hourly)
interior_wall_window_construction_name,,,Electricity:Facility [J](Hourly)
lights_fraction_radiant,,,Electricity:Facility [J](Hourly)
lights_fraction_replaceable,,,Electricity:Facility [J](Hourly)
lights_fraction_visible,,,Electricity:Facility [J](Hourly)
lights_wm2,,,Electricity:Facility [J](Hourly)
obj_type,,,Electricity:Facility [J](Hourly)
parasitic_wm2,,,Electricity:Facility [J](Hourly)
roughness,,,Electricity:Facility [J](Hourly)
system_type,,,Electricity:Facility [J](Hourly)
tD,,,Electricity:Facility [J](Hourly)
tN,,,Electricity:Facility [J](Hourly)
top_opaque_material_name,,,Electricity:Facility [J](Hourly)
top_window_material_name,,,Electricity:Facility [J](Hourly)
ventilation_schedule_name,,,Electricity:Facility [J](Hourly)
ventilation_total_m3_s,,,Electricity:Facility [J](Hourly)
window1C_construction,,,Electricity:Facility [J](Hourly)
windows_R_value_range_used,,,Electricity:Facility [J](Hourly)
windows_U_value,,,Electricity:Facility [J](Hourly)
windows_U_value_range_used,,,Electricity:Facility [J](Hourly)
windows_area_m2,,,Electricity:Facility [J](Hourly)
windows_construction_name,,,Electricity:Facility [J](Hourly)
windows_opq_material_name,,,Electricity:Facility [J](Hourly)
windows_win_material_name,,,Electricity:Facility [J](Hourly)
windows_window_construction_name,,,Electricity:Facility [J](Hourly)
wwr,,,Electricity:Facility [J](Hourly)
wwr_range_used,,,Electricity:Facility [J](Hourly)
year_factor,,,Electricity:Facility [J](Hourly)
year_factor_range,,,Electricity:Facility [J](Hourly)
peak_hours,0.8729297334276842,0.8729297334276842,MYDHW_0_WATERHEATER:Water Heater Heating Energy [J](Daily)
sched_evening,0.8431932754609479,0.8431932754609479,MYDHW_0_WATERHEATER:Water Heater Heating Energy [J](Daily)
Visible_Transmittance,-0.7409945833345408,0.7409945833345408,MYDHW_0_WATERHEATER:Water Heater Heating Energy [J](Daily)
sched_afternoon,0.6713599415210053,0.6713599415210053,MYDHW_0_WATERHEATER:Water Heater Heating Energy [J](Daily)
Back_Visible_Reflectance,0.6455927613140531,0.6455927613140531,MYDHW_0_WATERHEATER:Water Heater Heating Energy [J](Daily)
sched_peak,0.5409188304585197,0.5409188304585197,MYDHW_0_WATERHEATER:Water Heater Heating Energy [J](Daily)
setpoint_c,0.5324376168858719,0.5324376168858719,MYDHW_0_WATERHEATER:Water Heater Heating Energy [J](Daily)
default_heater_capacity_w,-0.5197308628061179,0.5197308628061179,MYDHW_0_WATERHEATER:Water Heater Heating Energy [J](Daily)
Front_Visible_Reflectance,-0.5186900190733593,0.5186900190733593,MYDHW_0_WATERHEATER:Water Heater Heating Energy [J](Daily)
usage_split_factor,0.49289778251094013,0.49289778251094013,MYDHW_0_WATERHEATER:Water Heater Heating Energy [J](Daily)
heating_day_setpoint,0.49086475905424687,0.49086475905424687,MYDHW_0_WATERHEATER:Water Heater Heating Energy [J](Daily)
heating_night_setpoint,-0.47119452162842784,0.47119452162842784,MYDHW_0_WATERHEATER:Water Heater Heating Energy [J](Daily)
Front_Solar_Reflectance,0.4700526077659467,0.4700526077659467,MYDHW_0_WATERHEATER:Water Heater Heating Energy [J](Daily)
default_tank_volume_liters,-0.4041412582629887,0.4041412582629887,MYDHW_0_WATERHEATER:Water Heater Heating Energy [J](Daily)
max_heating_supply_air_temp,-0.38017290363489104,0.38017290363489104,MYDHW_0_WATERHEATER:Water Heater Heating Energy [J](Daily)
Specific_Heat,0.3392856615395812,0.3392856615395812,MYDHW_0_WATERHEATER:Water Heater Heating Energy [J](Daily)
cooling_night_setpoint,0.3342436502916275,0.3342436502916275,MYDHW_0_WATERHEATER:Water Heater Heating Energy [J](Daily)
Conductivity,0.3042160079738743,0.3042160079738743,MYDHW_0_WATERHEATER:Water Heater Heating Energy [J](Daily)
Back_Solar_Reflectance,-0.23653812459306156,0.23653812459306156,MYDHW_0_WATERHEATER:Water Heater Heating Energy [J](Daily)
Density,0.22940188372027656,0.22940188372027656,MYDHW_0_WATERHEATER:Water Heater Heating Energy [J](Daily)
liters_per_person_per_day,-0.2117867587505039,0.2117867587505039,MYDHW_0_WATERHEATER:Water Heater Heating Energy [J](Daily)
sched_morning,0.18965268397460106,0.18965268397460106,MYDHW_0_WATERHEATER:Water Heater Heating Energy [J](Daily)
cooling_day_setpoint,-0.17332179173769643,0.17332179173769643,MYDHW_0_WATERHEATER:Water Heater Heating Energy [J](Daily)
occupant_density_m2_per_person,-0.1278648930893479,0.1278648930893479,MYDHW_0_WATERHEATER:Water Heater Heating Energy [J](Daily)
min_cooling_supply_air_temp,0.06510170692092193,0.06510170692092193,MYDHW_0_WATERHEATER:Water Heater Heating Energy [J](Daily)
Solar_Transmittance,-0.04509435233796128,0.04509435233796128,MYDHW_0_WATERHEATER:Water Heater Heating Energy [J](Daily)
Thermal_Resistance,0.006431785280901662,0.006431785280901662,MYDHW_0_WATERHEATER:Water Heater Heating Energy [J](Daily)
Back_IR_Emissivity,,,MYDHW_0_WATERHEATER:Water Heater Heating Energy [J](Daily)
Dirt_Correction_Factor,,,MYDHW_0_WATERHEATER:Water Heater Heating Energy [J](Daily)
Front_IR_Emissivity,,,MYDHW_0_WATERHEATER:Water Heater Heating Energy [J](Daily)
Heater_Fuel_Type,,,MYDHW_0_WATERHEATER:Water Heater Heating Energy [J](Daily)
Heater_Maximum_Capacity,,,MYDHW_0_WATERHEATER:Water Heater Heating Energy [J](Daily)
Heater_Thermal_Efficiency,,,MYDHW_0_WATERHEATER:Water Heater Heating Energy [J](Daily)
IR_Transmittance,,,MYDHW_0_WATERHEATER:Water Heater Heating Energy [J](Daily)
Name,,,MYDHW_0_WATERHEATER:Water Heater Heating Energy [J](Daily)
Optical_Data_Type,,,MYDHW_0_WATERHEATER:Water Heater Heating Energy [J](Daily)
Roughness,,,MYDHW_0_WATERHEATER:Water Heater Heating Energy [J](Daily)
Setpoint_Temperature_Schedule_Name,,,MYDHW_0_WATERHEATER:Water Heater Heating Energy [J](Daily)
Solar_Absorptance,,,MYDHW_0_WATERHEATER:Water Heater Heating Energy [J](Daily)
Solar_Diffusing,,,MYDHW_0_WATERHEATER:Water Heater Heating Energy [J](Daily)
Tank_Volume,,,MYDHW_0_WATERHEATER:Water Heater Heating Energy [J](Daily)
Thermal_Absorptance,,,MYDHW_0_WATERHEATER:Water Heater Heating Energy [J](Daily)
Thickness,,,MYDHW_0_WATERHEATER:Water Heater Heating Energy [J](Daily)
Use_Flow_Rate_Fraction_Schedule_Name,,,MYDHW_0_WATERHEATER:Water Heater Heating Energy [J](Daily)
Visible_Absorptance,,,MYDHW_0_WATERHEATER:Water Heater Heating Energy [J](Daily)
dhw_daily_liters,,,MYDHW_0_WATERHEATER:Water Heater Heating Energy [J](Daily)
dhw_fraction_schedule,,,MYDHW_0_WATERHEATER:Water Heater Heating Energy [J](Daily)
dhw_heater_capacity_w,,,MYDHW_0_WATERHEATER:Water Heater Heating Energy [J](Daily)
dhw_heater_fuel_type,,,MYDHW_0_WATERHEATER:Water Heater Heating Energy [J](Daily)
dhw_heater_thermal_eff,,,MYDHW_0_WATERHEATER:Water Heater Heating Energy [J](Daily)
dhw_occupant_count,,,MYDHW_0_WATERHEATER:Water Heater Heating Energy [J](Daily)
dhw_peak_flow_m3s,,,MYDHW_0_WATERHEATER:Water Heater Heating Energy [J](Daily)
dhw_setpoint_schedule,,,MYDHW_0_WATERHEATER:Water Heater Heating Energy [J](Daily)
dhw_tank_volume_m3,,,MYDHW_0_WATERHEATER:Water Heater Heating Energy [J](Daily)
dhw_waterheater_object_name,,,MYDHW_0_WATERHEATER:Water Heater Heating Energy [J](Daily)
doors_R_value_range_used,,,MYDHW_0_WATERHEATER:Water Heater Heating Energy [J](Daily)
doors_U_value,,,MYDHW_0_WATERHEATER:Water Heater Heating Energy [J](Daily)
doors_U_value_range_used,,,MYDHW_0_WATERHEATER:Water Heater Heating Energy [J](Daily)
doors_area_m2,,,MYDHW_0_WATERHEATER:Water Heater Heating Energy [J](Daily)
doors_construction_name,,,MYDHW_0_WATERHEATER:Water Heater Heating Energy [J](Daily)
doors_opq_material_name,,,MYDHW_0_WATERHEATER:Water Heater Heating Energy [J](Daily)
doors_win_material_name,,,MYDHW_0_WATERHEATER:Water Heater Heating Energy [J](Daily)
doors_window_construction_name,,,MYDHW_0_WATERHEATER:Water Heater Heating Energy [J](Daily)
equip_fraction_lost,,,MYDHW_0_WATERHEATER:Water Heater Heating Energy [J](Daily)
equip_fraction_radiant,,,MYDHW_0_WATERHEATER:Water Heater Heating Energy [J](Daily)
exterior_wall_R_value,,,MYDHW_0_WATERHEATER:Water Heater Heating Energy [J](Daily)
exterior_wall_R_value_range_used,,,MYDHW_0_WATERHEATER:Water Heater Heating Energy [J](Daily)
exterior_wall_U_value,,,MYDHW_0_WATERHEATER:Water Heater Heating Energy [J](Daily)
exterior_wall_U_value_range_used,,,MYDHW_0_WATERHEATER:Water Heater Heating Energy [J](Daily)
exterior_wall_area_m2,,,MYDHW_0_WATERHEATER:Water Heater Heating Energy [J](Daily)
exterior_wall_construction_name,,,MYDHW_0_WATERHEATER:Water Heater Heating Energy [J](Daily)
exterior_wall_opq_material_name,,,MYDHW_0_WATERHEATER:Water Heater Heating Energy [J](Daily)
exterior_wall_win_material_name,,,MYDHW_0_WATERHEATER:Water Heater Heating Energy [J](Daily)
exterior_wall_window_construction_name,,,MYDHW_0_WATERHEATER:Water Heater Heating Energy [J](Daily)
f_ctrl,,,MYDHW_0_WATERHEATER:Water Heater Heating Energy [J](Daily)
f_ctrl_range,,,MYDHW_0_WATERHEATER:Water Heater Heating Energy [J](Daily)
fan_pressure,,,MYDHW_0_WATERHEATER:Water Heater Heating Energy [J](Daily)
fan_pressure_range,,,MYDHW_0_WATERHEATER:Water Heater Heating Energy [J](Daily)
fenestration_objects,,,MYDHW_0_WATERHEATER:Water Heater Heating Energy [J](Daily)
final_wwr,,,MYDHW_0_WATERHEATER:Water Heater Heating Energy [J](Daily)
flat_roof_R_value,,,MYDHW_0_WATERHEATER:Water Heater Heating Energy [J](Daily)
flat_roof_R_value_range_used,,,MYDHW_0_WATERHEATER:Water Heater Heating Energy [J](Daily)
flat_roof_U_value,,,MYDHW_0_WATERHEATER:Water Heater Heating Energy [J](Daily)
flat_roof_U_value_range_used,,,MYDHW_0_WATERHEATER:Water Heater Heating Energy [J](Daily)
flat_roof_area_m2,,,MYDHW_0_WATERHEATER:Water Heater Heating Energy [J](Daily)
flat_roof_construction_name,,,MYDHW_0_WATERHEATER:Water Heater Heating Energy [J](Daily)
flat_roof_opq_material_name,,,MYDHW_0_WATERHEATER:Water Heater Heating Energy [J](Daily)
flat_roof_win_material_name,,,MYDHW_0_WATERHEATER:Water Heater Heating Energy [J](Daily)
flat_roof_window_construction_name,,,MYDHW_0_WATERHEATER:Water Heater Heating Energy [J](Daily)
flow_exponent,,,MYDHW_0_WATERHEATER:Water Heater Heating Energy [J](Daily)
ground_floor_R_value,,,MYDHW_0_WATERHEATER:Water Heater Heating Energy [J](Daily)
ground_floor_R_value_range_used,,,MYDHW_0_WATERHEATER:Water Heater Heating Energy [J](Daily)
ground_floor_U_value,,,MYDHW_0_WATERHEATER:Water Heater Heating Energy [J](Daily)
ground_floor_U_value_range_used,,,MYDHW_0_WATERHEATER:Water Heater Heating Energy [J](Daily)
ground_floor_area_m2,,,MYDHW_0_WATERHEATER:Water Heater Heating Energy [J](Daily)
ground_floor_construction_name,,,MYDHW_0_WATERHEATER:Water Heater Heating Energy [J](Daily)
ground_floor_opq_material_name,,,MYDHW_0_WATERHEATER:Water Heater Heating Energy [J](Daily)
ground_floor_win_material_name,,,MYDHW_0_WATERHEATER:Water Heater Heating Energy [J](Daily)
ground_floor_window_construction_name,,,MYDHW_0_WATERHEATER:Water Heater Heating Energy [J](Daily)
hrv_eff,,,MYDHW_0_WATERHEATER:Water Heater Heating Energy [J](Daily)
hrv_eff_range,,,MYDHW_0_WATERHEATER:Water Heater Heating Energy [J](Daily)
infiltration_base,,,MYDHW_0_WATERHEATER:Water Heater Heating Energy [J](Daily)
infiltration_base_range,,,MYDHW_0_WATERHEATER:Water Heater Heating Energy [J](Daily)
infiltration_schedule_name,,,MYDHW_0_WATERHEATER:Water Heater Heating Energy [J](Daily)
infiltration_total_m3_s,,,MYDHW_0_WATERHEATER:Water Heater Heating Energy [J](Daily)
inter_floor_R_value,,,MYDHW_0_WATERHEATER:Water Heater Heating Energy [J](Daily)
inter_floor_R_value_range_used,,,MYDHW_0_WATERHEATER:Water Heater Heating Energy [J](Daily)
inter_floor_U_value,,,MYDHW_0_WATERHEATER:Water Heater Heating Energy [J](Daily)
inter_floor_U_value_range_used,,,MYDHW_0_WATERHEATER:Water Heater Heating Energy [J](Daily)
inter_floor_area_m2,,,MYDHW_0_WATERHEATER:Water Heater Heating Energy [J](Daily)
inter_floor_construction_name,,,MYDHW_0_WATERHEATER:Water Heater Heating Energy [J](Daily)
inter_floor_opq_material_name,,,MYDHW_0_WATERHEATER:Water Heater Heating Energy [J](Daily)
inter_floor_win_material_name,,,MYDHW_0_WATERHEATER:Water Heater Heating Energy [J](Daily)
inter_floor_window_construction_name,,,MYDHW_0_WATERHEATER:Water Heater Heating Energy [J](Daily)
interior_wall_R_value,,,MYDHW_0_WATERHEATER:Water Heater Heating Energy [J](Daily)
interior_wall_R_value_range_used,,,MYDHW_0_WATERHEATER:Water Heater Heating Energy [J](Daily)
interior_wall_U_value,,,MYDHW_0_WATERHEATER:Water Heater Heating Energy [J](Daily)
interior_wall_U_value_range_used,,,MYDHW_0_WATERHEATER:Water Heater Heating Energy [J](Daily)
interior_wall_area_m2,,,MYDHW_0_WATERHEATER:Water Heater Heating Energy [J](Daily)
interior_wall_construction_name,,,MYDHW_0_WATERHEATER:Water Heater Heating Energy [J](Daily)
interior_wall_opq_material_name,,,MYDHW_0_WATERHEATER:Water Heater Heating Energy [J](Daily)
interior_wall_win_material_name,,,MYDHW_0_WATERHEATER:Water Heater Heating Energy [J](Daily)
interior_wall_window_construction_name,,,MYDHW_0_WATERHEATER:Water Heater Heating Energy [J](Daily)
lights_fraction_radiant,,,MYDHW_0_WATERHEATER:Water Heater Heating Energy [J](Daily)
lights_fraction_replaceable,,,MYDHW_0_WATERHEATER:Water Heater Heating Energy [J](Daily)
lights_fraction_visible,,,MYDHW_0_WATERHEATER:Water Heater Heating Energy [J](Daily)
lights_wm2,,,MYDHW_0_WATERHEATER:Water Heater Heating Energy [J](Daily)
obj_type,,,MYDHW_0_WATERHEATER:Water Heater Heating Energy [J](Daily)
parasitic_wm2,,,MYDHW_0_WATERHEATER:Water Heater Heating Energy [J](Daily)
roughness,,,MYDHW_0_WATERHEATER:Water Heater Heating Energy [J](Daily)
system_type,,,MYDHW_0_WATERHEATER:Water Heater Heating Energy [J](Daily)
tD,,,MYDHW_0_WATERHEATER:Water Heater Heating Energy [J](Daily)
tN,,,MYDHW_0_WATERHEATER:Water Heater Heating Energy [J](Daily)
top_opaque_material_name,,,MYDHW_0_WATERHEATER:Water Heater Heating Energy [J](Daily)
top_window_material_name,,,MYDHW_0_WATERHEATER:Water Heater Heating Energy [J](Daily)
ventilation_schedule_name,,,MYDHW_0_WATERHEATER:Water Heater Heating Energy [J](Daily)
ventilation_total_m3_s,,,MYDHW_0_WATERHEATER:Water Heater Heating Energy [J](Daily)
window1C_construction,,,MYDHW_0_WATERHEATER:Water Heater Heating Energy [J](Daily)
windows_R_value_range_used,,,MYDHW_0_WATERHEATER:Water Heater Heating Energy [J](Daily)
windows_U_value,,,MYDHW_0_WATERHEATER:Water Heater Heating Energy [J](Daily)
windows_U_value_range_used,,,MYDHW_0_WATERHEATER:Water Heater Heating Energy [J](Daily)
windows_area_m2,,,MYDHW_0_WATERHEATER:Water Heater Heating Energy [J](Daily)
windows_construction_name,,,MYDHW_0_WATERHEATER:Water Heater Heating Energy [J](Daily)
windows_opq_material_name,,,MYDHW_0_WATERHEATER:Water Heater Heating Energy [J](Daily)
windows_win_material_name,,,MYDHW_0_WATERHEATER:Water Heater Heating Energy [J](Daily)
windows_window_construction_name,,,MYDHW_0_WATERHEATER:Water Heater Heating Energy [J](Daily)
wwr,,,MYDHW_0_WATERHEATER:Water Heater Heating Energy [J](Daily)
wwr_range_used,,,MYDHW_0_WATERHEATER:Water Heater Heating Energy [J](Daily)
year_factor,,,MYDHW_0_WATERHEATER:Water Heater Heating Energy [J](Daily)
year_factor_range,,,MYDHW_0_WATERHEATER:Water Heater Heating Energy [J](Daily)
