scenario_index,ogc_fid,param_name,assigned_value
0,4136730,infiltration_base,1.2278853596915769
0,4136730,infiltration_base_range,0.0
0,4136730,year_factor,0.9050021510445334
0,4136730,year_factor_range,0.0
0,4136730,fan_pressure,0.0
0,4136730,fan_pressure_range,0.0
0,4136730,f_ctrl,0.9223210738148823
0,4136730,f_ctrl_range,0.0
0,4136730,hrv_eff,0.0
0,4136730,hrv_eff_range,0.0
0,4136730,infiltration_schedule_name,0.0
0,4136730,ventilation_schedule_name,0.0
0,4136730,system_type,0.0
0,4136730,flow_exponent,0.67
0,4136730,infiltration_total_m3_s,0.0019798221857973927
0,4136730,ventilation_total_m3_s,0.035
1,4136730,infiltration_base,1.2278853596915769
1,4136730,infiltration_base_range,0.0
1,4136730,year_factor,0.9050021510445334
1,4136730,year_factor_range,0.0
1,4136730,fan_pressure,0.0
1,4136730,fan_pressure_range,0.0
1,4136730,f_ctrl,0.9223210738148823
1,4136730,f_ctrl_range,0.0
1,4136730,hrv_eff,0.0
1,4136730,hrv_eff_range,0.0
1,4136730,infiltration_schedule_name,0.0
1,4136730,ventilation_schedule_name,0.0
1,4136730,system_type,0.0
1,4136730,flow_exponent,0.67
1,4136730,infiltration_total_m3_s,0.0019798221857973927
1,4136730,ventilation_total_m3_s,0.035
2,4136730,infiltration_base,1.2278853596915769
2,4136730,infiltration_base_range,0.0
2,4136730,year_factor,0.9050021510445334
2,4136730,year_factor_range,0.0
2,4136730,fan_pressure,0.0
2,4136730,fan_pressure_range,0.0
2,4136730,f_ctrl,0.9223210738148823
2,4136730,f_ctrl_range,0.0
2,4136730,hrv_eff,0.0
2,4136730,hrv_eff_range,0.0
2,4136730,infiltration_schedule_name,0.0
2,4136730,ventilation_schedule_name,0.0
2,4136730,system_type,0.0
2,4136730,flow_exponent,0.67
2,4136730,infiltration_total_m3_s,0.0019798221857973927
2,4136730,ventilation_total_m3_s,0.035
3,4136730,infiltration_base,1.2278853596915769
3,4136730,infiltration_base_range,0.0
3,4136730,year_factor,0.9050021510445334
3,4136730,year_factor_range,0.0
3,4136730,fan_pressure,0.0
3,4136730,fan_pressure_range,0.0
3,4136730,f_ctrl,0.9223210738148823
3,4136730,f_ctrl_range,0.0
3,4136730,hrv_eff,0.0
3,4136730,hrv_eff_range,0.0
3,4136730,infiltration_schedule_name,0.0
3,4136730,ventilation_schedule_name,0.0
3,4136730,system_type,0.0
3,4136730,flow_exponent,0.67
3,4136730,infiltration_total_m3_s,0.0019798221857973927
3,4136730,ventilation_total_m3_s,0.035
4,4136730,infiltration_base,1.2278853596915769
4,4136730,infiltration_base_range,0.0
4,4136730,year_factor,0.9050021510445334
4,4136730,year_factor_range,0.0
4,4136730,fan_pressure,0.0
4,4136730,fan_pressure_range,0.0
4,4136730,f_ctrl,0.9223210738148823
4,4136730,f_ctrl_range,0.0
4,4136730,hrv_eff,0.0
4,4136730,hrv_eff_range,0.0
4,4136730,infiltration_schedule_name,0.0
4,4136730,ventilation_schedule_name,0.0
4,4136730,system_type,0.0
4,4136730,flow_exponent,0.67
4,4136730,infiltration_total_m3_s,0.0019798221857973927
4,4136730,ventilation_total_m3_s,0.035
5,4136730,infiltration_base,1.2278853596915769
5,4136730,infiltration_base_range,0.0
5,4136730,year_factor,0.9050021510445334
5,4136730,year_factor_range,0.0
5,4136730,fan_pressure,0.0
5,4136730,fan_pressure_range,0.0
5,4136730,f_ctrl,0.9223210738148823
5,4136730,f_ctrl_range,0.0
5,4136730,hrv_eff,0.0
5,4136730,hrv_eff_range,0.0
5,4136730,infiltration_schedule_name,0.0
5,4136730,ventilation_schedule_name,0.0
5,4136730,system_type,0.0
5,4136730,flow_exponent,0.67
5,4136730,infiltration_total_m3_s,0.0019798221857973927
5,4136730,ventilation_total_m3_s,0.035
6,4136730,infiltration_base,1.2278853596915769
6,4136730,infiltration_base_range,0.0
6,4136730,year_factor,0.9050021510445334
6,4136730,year_factor_range,0.0
6,4136730,fan_pressure,0.0
6,4136730,fan_pressure_range,0.0
6,4136730,f_ctrl,0.9223210738148823
6,4136730,f_ctrl_range,0.0
6,4136730,hrv_eff,0.0
6,4136730,hrv_eff_range,0.0
6,4136730,infiltration_schedule_name,0.0
6,4136730,ventilation_schedule_name,0.0
6,4136730,system_type,0.0
6,4136730,flow_exponent,0.67
6,4136730,infiltration_total_m3_s,0.0019798221857973927
6,4136730,ventilation_total_m3_s,0.035
7,4136730,infiltration_base,1.2278853596915769
7,4136730,infiltration_base_range,0.0
7,4136730,year_factor,0.9050021510445334
7,4136730,year_factor_range,0.0
7,4136730,fan_pressure,0.0
7,4136730,fan_pressure_range,0.0
7,4136730,f_ctrl,0.9223210738148823
7,4136730,f_ctrl_range,0.0
7,4136730,hrv_eff,0.0
7,4136730,hrv_eff_range,0.0
7,4136730,infiltration_schedule_name,0.0
7,4136730,ventilation_schedule_name,0.0
7,4136730,system_type,0.0
7,4136730,flow_exponent,0.67
7,4136730,infiltration_total_m3_s,0.0019798221857973927
7,4136730,ventilation_total_m3_s,0.035
8,4136730,infiltration_base,1.2278853596915769
8,4136730,infiltration_base_range,0.0
8,4136730,year_factor,0.9050021510445334
8,4136730,year_factor_range,0.0
8,4136730,fan_pressure,0.0
8,4136730,fan_pressure_range,0.0
8,4136730,f_ctrl,0.9223210738148823
8,4136730,f_ctrl_range,0.0
8,4136730,hrv_eff,0.0
8,4136730,hrv_eff_range,0.0
8,4136730,infiltration_schedule_name,0.0
8,4136730,ventilation_schedule_name,0.0
8,4136730,system_type,0.0
8,4136730,flow_exponent,0.67
8,4136730,infiltration_total_m3_s,0.0019798221857973927
8,4136730,ventilation_total_m3_s,0.035
9,4136730,infiltration_base,1.2278853596915769
9,4136730,infiltration_base_range,0.0
9,4136730,year_factor,0.9050021510445334
9,4136730,year_factor_range,0.0
9,4136730,fan_pressure,0.0
9,4136730,fan_pressure_range,0.0
9,4136730,f_ctrl,0.9223210738148823
9,4136730,f_ctrl_range,0.0
9,4136730,hrv_eff,0.0
9,4136730,hrv_eff_range,0.0
9,4136730,infiltration_schedule_name,0.0
9,4136730,ventilation_schedule_name,0.0
9,4136730,system_type,0.0
9,4136730,flow_exponent,0.67
9,4136730,infiltration_total_m3_s,0.0019798221857973927
9,4136730,ventilation_total_m3_s,0.035
10,4136730,infiltration_base,1.2278853596915769
10,4136730,infiltration_base_range,0.0
10,4136730,year_factor,0.9050021510445334
10,4136730,year_factor_range,0.0
10,4136730,fan_pressure,0.0
10,4136730,fan_pressure_range,0.0
10,4136730,f_ctrl,0.9223210738148823
10,4136730,f_ctrl_range,0.0
10,4136730,hrv_eff,0.0
10,4136730,hrv_eff_range,0.0
10,4136730,infiltration_schedule_name,0.0
10,4136730,ventilation_schedule_name,0.0
10,4136730,system_type,0.0
10,4136730,flow_exponent,0.67
10,4136730,infiltration_total_m3_s,0.0019798221857973927
10,4136730,ventilation_total_m3_s,0.035
11,4136730,infiltration_base,1.2278853596915769
11,4136730,infiltration_base_range,0.0
11,4136730,year_factor,0.9050021510445334
11,4136730,year_factor_range,0.0
11,4136730,fan_pressure,0.0
11,4136730,fan_pressure_range,0.0
11,4136730,f_ctrl,0.9223210738148823
11,4136730,f_ctrl_range,0.0
11,4136730,hrv_eff,0.0
11,4136730,hrv_eff_range,0.0
11,4136730,infiltration_schedule_name,0.0
11,4136730,ventilation_schedule_name,0.0
11,4136730,system_type,0.0
11,4136730,flow_exponent,0.67
11,4136730,infiltration_total_m3_s,0.0019798221857973927
11,4136730,ventilation_total_m3_s,0.035
12,4136730,infiltration_base,1.2278853596915769
12,4136730,infiltration_base_range,0.0
12,4136730,year_factor,0.9050021510445334
12,4136730,year_factor_range,0.0
12,4136730,fan_pressure,0.0
12,4136730,fan_pressure_range,0.0
12,4136730,f_ctrl,0.9223210738148823
12,4136730,f_ctrl_range,0.0
12,4136730,hrv_eff,0.0
12,4136730,hrv_eff_range,0.0
12,4136730,infiltration_schedule_name,0.0
12,4136730,ventilation_schedule_name,0.0
12,4136730,system_type,0.0
12,4136730,flow_exponent,0.67
12,4136730,infiltration_total_m3_s,0.0019798221857973927
12,4136730,ventilation_total_m3_s,0.035
13,4136730,infiltration_base,1.2278853596915769
13,4136730,infiltration_base_range,0.0
13,4136730,year_factor,0.9050021510445334
13,4136730,year_factor_range,0.0
13,4136730,fan_pressure,0.0
13,4136730,fan_pressure_range,0.0
13,4136730,f_ctrl,0.9223210738148823
13,4136730,f_ctrl_range,0.0
13,4136730,hrv_eff,0.0
13,4136730,hrv_eff_range,0.0
13,4136730,infiltration_schedule_name,0.0
13,4136730,ventilation_schedule_name,0.0
13,4136730,system_type,0.0
13,4136730,flow_exponent,0.67
13,4136730,infiltration_total_m3_s,0.0019798221857973927
13,4136730,ventilation_total_m3_s,0.035
14,4136730,infiltration_base,1.2278853596915769
14,4136730,infiltration_base_range,0.0
14,4136730,year_factor,0.9050021510445334
14,4136730,year_factor_range,0.0
14,4136730,fan_pressure,0.0
14,4136730,fan_pressure_range,0.0
14,4136730,f_ctrl,0.9223210738148823
14,4136730,f_ctrl_range,0.0
14,4136730,hrv_eff,0.0
14,4136730,hrv_eff_range,0.0
14,4136730,infiltration_schedule_name,0.0
14,4136730,ventilation_schedule_name,0.0
14,4136730,system_type,0.0
14,4136730,flow_exponent,0.67
14,4136730,infiltration_total_m3_s,0.0019798221857973927
14,4136730,ventilation_total_m3_s,0.035
15,4136730,infiltration_base,1.2278853596915769
15,4136730,infiltration_base_range,0.0
15,4136730,year_factor,0.9050021510445334
15,4136730,year_factor_range,0.0
15,4136730,fan_pressure,0.0
15,4136730,fan_pressure_range,0.0
15,4136730,f_ctrl,0.9223210738148823
15,4136730,f_ctrl_range,0.0
15,4136730,hrv_eff,0.0
15,4136730,hrv_eff_range,0.0
15,4136730,infiltration_schedule_name,0.0
15,4136730,ventilation_schedule_name,0.0
15,4136730,system_type,0.0
15,4136730,flow_exponent,0.67
15,4136730,infiltration_total_m3_s,0.0019798221857973927
15,4136730,ventilation_total_m3_s,0.035
16,4136730,infiltration_base,1.2278853596915769
16,4136730,infiltration_base_range,0.0
16,4136730,year_factor,0.9050021510445334
16,4136730,year_factor_range,0.0
16,4136730,fan_pressure,0.0
16,4136730,fan_pressure_range,0.0
16,4136730,f_ctrl,0.9223210738148823
16,4136730,f_ctrl_range,0.0
16,4136730,hrv_eff,0.0
16,4136730,hrv_eff_range,0.0
16,4136730,infiltration_schedule_name,0.0
16,4136730,ventilation_schedule_name,0.0
16,4136730,system_type,0.0
16,4136730,flow_exponent,0.67
16,4136730,infiltration_total_m3_s,0.0019798221857973927
16,4136730,ventilation_total_m3_s,0.035
17,4136730,infiltration_base,1.2278853596915769
17,4136730,infiltration_base_range,0.0
17,4136730,year_factor,0.9050021510445334
17,4136730,year_factor_range,0.0
17,4136730,fan_pressure,0.0
17,4136730,fan_pressure_range,0.0
17,4136730,f_ctrl,0.9223210738148823
17,4136730,f_ctrl_range,0.0
17,4136730,hrv_eff,0.0
17,4136730,hrv_eff_range,0.0
17,4136730,infiltration_schedule_name,0.0
17,4136730,ventilation_schedule_name,0.0
17,4136730,system_type,0.0
17,4136730,flow_exponent,0.67
17,4136730,infiltration_total_m3_s,0.0019798221857973927
17,4136730,ventilation_total_m3_s,0.035
18,4136730,infiltration_base,1.2278853596915769
18,4136730,infiltration_base_range,0.0
18,4136730,year_factor,0.9050021510445334
18,4136730,year_factor_range,0.0
18,4136730,fan_pressure,0.0
18,4136730,fan_pressure_range,0.0
18,4136730,f_ctrl,0.9223210738148823
18,4136730,f_ctrl_range,0.0
18,4136730,hrv_eff,0.0
18,4136730,hrv_eff_range,0.0
18,4136730,infiltration_schedule_name,0.0
18,4136730,ventilation_schedule_name,0.0
18,4136730,system_type,0.0
18,4136730,flow_exponent,0.67
18,4136730,infiltration_total_m3_s,0.0019798221857973927
18,4136730,ventilation_total_m3_s,0.035
19,4136730,infiltration_base,1.2278853596915769
19,4136730,infiltration_base_range,0.0
19,4136730,year_factor,0.9050021510445334
19,4136730,year_factor_range,0.0
19,4136730,fan_pressure,0.0
19,4136730,fan_pressure_range,0.0
19,4136730,f_ctrl,0.9223210738148823
19,4136730,f_ctrl_range,0.0
19,4136730,hrv_eff,0.0
19,4136730,hrv_eff_range,0.0
19,4136730,infiltration_schedule_name,0.0
19,4136730,ventilation_schedule_name,0.0
19,4136730,system_type,0.0
19,4136730,flow_exponent,0.67
19,4136730,infiltration_total_m3_s,0.0019798221857973927
19,4136730,ventilation_total_m3_s,0.035
20,4136730,infiltration_base,1.2278853596915769
20,4136730,infiltration_base_range,0.0
20,4136730,year_factor,0.9050021510445334
20,4136730,year_factor_range,0.0
20,4136730,fan_pressure,0.0
20,4136730,fan_pressure_range,0.0
20,4136730,f_ctrl,0.9223210738148823
20,4136730,f_ctrl_range,0.0
20,4136730,hrv_eff,0.0
20,4136730,hrv_eff_range,0.0
20,4136730,infiltration_schedule_name,0.0
20,4136730,ventilation_schedule_name,0.0
20,4136730,system_type,0.0
20,4136730,flow_exponent,0.67
20,4136730,infiltration_total_m3_s,0.0019798221857973927
20,4136730,ventilation_total_m3_s,0.035
21,4136730,infiltration_base,1.2278853596915769
21,4136730,infiltration_base_range,0.0
21,4136730,year_factor,0.9050021510445334
21,4136730,year_factor_range,0.0
21,4136730,fan_pressure,0.0
21,4136730,fan_pressure_range,0.0
21,4136730,f_ctrl,0.9223210738148823
21,4136730,f_ctrl_range,0.0
21,4136730,hrv_eff,0.0
21,4136730,hrv_eff_range,0.0
21,4136730,infiltration_schedule_name,0.0
21,4136730,ventilation_schedule_name,0.0
21,4136730,system_type,0.0
21,4136730,flow_exponent,0.67
21,4136730,infiltration_total_m3_s,0.0019798221857973927
21,4136730,ventilation_total_m3_s,0.035
22,4136730,infiltration_base,1.2278853596915769
22,4136730,infiltration_base_range,0.0
22,4136730,year_factor,0.9050021510445334
22,4136730,year_factor_range,0.0
22,4136730,fan_pressure,0.0
22,4136730,fan_pressure_range,0.0
22,4136730,f_ctrl,0.9223210738148823
22,4136730,f_ctrl_range,0.0
22,4136730,hrv_eff,0.0
22,4136730,hrv_eff_range,0.0
22,4136730,infiltration_schedule_name,0.0
22,4136730,ventilation_schedule_name,0.0
22,4136730,system_type,0.0
22,4136730,flow_exponent,0.67
22,4136730,infiltration_total_m3_s,0.0019798221857973927
22,4136730,ventilation_total_m3_s,0.035
23,4136730,infiltration_base,1.2278853596915769
23,4136730,infiltration_base_range,0.0
23,4136730,year_factor,0.9050021510445334
23,4136730,year_factor_range,0.0
23,4136730,fan_pressure,0.0
23,4136730,fan_pressure_range,0.0
23,4136730,f_ctrl,0.9223210738148823
23,4136730,f_ctrl_range,0.0
23,4136730,hrv_eff,0.0
23,4136730,hrv_eff_range,0.0
23,4136730,infiltration_schedule_name,0.0
23,4136730,ventilation_schedule_name,0.0
23,4136730,system_type,0.0
23,4136730,flow_exponent,0.67
23,4136730,infiltration_total_m3_s,0.0019798221857973927
23,4136730,ventilation_total_m3_s,0.035
24,4136730,infiltration_base,1.2278853596915769
24,4136730,infiltration_base_range,0.0
24,4136730,year_factor,0.9050021510445334
24,4136730,year_factor_range,0.0
24,4136730,fan_pressure,0.0
24,4136730,fan_pressure_range,0.0
24,4136730,f_ctrl,0.9223210738148823
24,4136730,f_ctrl_range,0.0
24,4136730,hrv_eff,0.0
24,4136730,hrv_eff_range,0.0
24,4136730,infiltration_schedule_name,0.0
24,4136730,ventilation_schedule_name,0.0
24,4136730,system_type,0.0
24,4136730,flow_exponent,0.67
24,4136730,infiltration_total_m3_s,0.0019798221857973927
24,4136730,ventilation_total_m3_s,0.035
25,4136730,infiltration_base,1.2278853596915769
25,4136730,infiltration_base_range,0.0
25,4136730,year_factor,0.9050021510445334
25,4136730,year_factor_range,0.0
25,4136730,fan_pressure,0.0
25,4136730,fan_pressure_range,0.0
25,4136730,f_ctrl,0.9223210738148823
25,4136730,f_ctrl_range,0.0
25,4136730,hrv_eff,0.0
25,4136730,hrv_eff_range,0.0
25,4136730,infiltration_schedule_name,0.0
25,4136730,ventilation_schedule_name,0.0
25,4136730,system_type,0.0
25,4136730,flow_exponent,0.67
25,4136730,infiltration_total_m3_s,0.0019798221857973927
25,4136730,ventilation_total_m3_s,0.035
26,4136730,infiltration_base,1.2278853596915769
26,4136730,infiltration_base_range,0.0
26,4136730,year_factor,0.9050021510445334
26,4136730,year_factor_range,0.0
26,4136730,fan_pressure,0.0
26,4136730,fan_pressure_range,0.0
26,4136730,f_ctrl,0.9223210738148823
26,4136730,f_ctrl_range,0.0
26,4136730,hrv_eff,0.0
26,4136730,hrv_eff_range,0.0
26,4136730,infiltration_schedule_name,0.0
26,4136730,ventilation_schedule_name,0.0
26,4136730,system_type,0.0
26,4136730,flow_exponent,0.67
26,4136730,infiltration_total_m3_s,0.0019798221857973927
26,4136730,ventilation_total_m3_s,0.035
27,4136730,infiltration_base,1.2278853596915769
27,4136730,infiltration_base_range,0.0
27,4136730,year_factor,0.9050021510445334
27,4136730,year_factor_range,0.0
27,4136730,fan_pressure,0.0
27,4136730,fan_pressure_range,0.0
27,4136730,f_ctrl,0.9223210738148823
27,4136730,f_ctrl_range,0.0
27,4136730,hrv_eff,0.0
27,4136730,hrv_eff_range,0.0
27,4136730,infiltration_schedule_name,0.0
27,4136730,ventilation_schedule_name,0.0
27,4136730,system_type,0.0
27,4136730,flow_exponent,0.67
27,4136730,infiltration_total_m3_s,0.0019798221857973927
27,4136730,ventilation_total_m3_s,0.035
28,4136730,infiltration_base,1.2278853596915769
28,4136730,infiltration_base_range,0.0
28,4136730,year_factor,0.9050021510445334
28,4136730,year_factor_range,0.0
28,4136730,fan_pressure,0.0
28,4136730,fan_pressure_range,0.0
28,4136730,f_ctrl,0.9223210738148823
28,4136730,f_ctrl_range,0.0
28,4136730,hrv_eff,0.0
28,4136730,hrv_eff_range,0.0
28,4136730,infiltration_schedule_name,0.0
28,4136730,ventilation_schedule_name,0.0
28,4136730,system_type,0.0
28,4136730,flow_exponent,0.67
28,4136730,infiltration_total_m3_s,0.0019798221857973927
28,4136730,ventilation_total_m3_s,0.035
29,4136730,infiltration_base,1.2278853596915769
29,4136730,infiltration_base_range,0.0
29,4136730,year_factor,0.9050021510445334
29,4136730,year_factor_range,0.0
29,4136730,fan_pressure,0.0
29,4136730,fan_pressure_range,0.0
29,4136730,f_ctrl,0.9223210738148823
29,4136730,f_ctrl_range,0.0
29,4136730,hrv_eff,0.0
29,4136730,hrv_eff_range,0.0
29,4136730,infiltration_schedule_name,0.0
29,4136730,ventilation_schedule_name,0.0
29,4136730,system_type,0.0
29,4136730,flow_exponent,0.67
29,4136730,infiltration_total_m3_s,0.0019798221857973927
29,4136730,ventilation_total_m3_s,0.035
30,4136730,infiltration_base,1.2278853596915769
30,4136730,infiltration_base_range,0.0
30,4136730,year_factor,0.9050021510445334
30,4136730,year_factor_range,0.0
30,4136730,fan_pressure,0.0
30,4136730,fan_pressure_range,0.0
30,4136730,f_ctrl,0.9223210738148823
30,4136730,f_ctrl_range,0.0
30,4136730,hrv_eff,0.0
30,4136730,hrv_eff_range,0.0
30,4136730,infiltration_schedule_name,0.0
30,4136730,ventilation_schedule_name,0.0
30,4136730,system_type,0.0
30,4136730,flow_exponent,0.67
30,4136730,infiltration_total_m3_s,0.0019798221857973927
30,4136730,ventilation_total_m3_s,0.035
31,4136730,infiltration_base,1.2278853596915769
31,4136730,infiltration_base_range,0.0
31,4136730,year_factor,0.9050021510445334
31,4136730,year_factor_range,0.0
31,4136730,fan_pressure,0.0
31,4136730,fan_pressure_range,0.0
31,4136730,f_ctrl,0.9223210738148823
31,4136730,f_ctrl_range,0.0
31,4136730,hrv_eff,0.0
31,4136730,hrv_eff_range,0.0
31,4136730,infiltration_schedule_name,0.0
31,4136730,ventilation_schedule_name,0.0
31,4136730,system_type,0.0
31,4136730,flow_exponent,0.67
31,4136730,infiltration_total_m3_s,0.0019798221857973927
31,4136730,ventilation_total_m3_s,0.035
32,4136730,infiltration_base,1.2278853596915769
32,4136730,infiltration_base_range,0.0
32,4136730,year_factor,0.9050021510445334
32,4136730,year_factor_range,0.0
32,4136730,fan_pressure,0.0
32,4136730,fan_pressure_range,0.0
32,4136730,f_ctrl,0.9223210738148823
32,4136730,f_ctrl_range,0.0
32,4136730,hrv_eff,0.0
32,4136730,hrv_eff_range,0.0
32,4136730,infiltration_schedule_name,0.0
32,4136730,ventilation_schedule_name,0.0
32,4136730,system_type,0.0
32,4136730,flow_exponent,0.67
32,4136730,infiltration_total_m3_s,0.0019798221857973927
32,4136730,ventilation_total_m3_s,0.035
33,4136730,infiltration_base,1.2278853596915769
33,4136730,infiltration_base_range,0.0
33,4136730,year_factor,0.9050021510445334
33,4136730,year_factor_range,0.0
33,4136730,fan_pressure,0.0
33,4136730,fan_pressure_range,0.0
33,4136730,f_ctrl,0.9223210738148823
33,4136730,f_ctrl_range,0.0
33,4136730,hrv_eff,0.0
33,4136730,hrv_eff_range,0.0
33,4136730,infiltration_schedule_name,0.0
33,4136730,ventilation_schedule_name,0.0
33,4136730,system_type,0.0
33,4136730,flow_exponent,0.67
33,4136730,infiltration_total_m3_s,0.0019798221857973927
33,4136730,ventilation_total_m3_s,0.035
34,4136730,infiltration_base,1.2278853596915769
34,4136730,infiltration_base_range,0.0
34,4136730,year_factor,0.9050021510445334
34,4136730,year_factor_range,0.0
34,4136730,fan_pressure,0.0
34,4136730,fan_pressure_range,0.0
34,4136730,f_ctrl,0.9223210738148823
34,4136730,f_ctrl_range,0.0
34,4136730,hrv_eff,0.0
34,4136730,hrv_eff_range,0.0
34,4136730,infiltration_schedule_name,0.0
34,4136730,ventilation_schedule_name,0.0
34,4136730,system_type,0.0
34,4136730,flow_exponent,0.67
34,4136730,infiltration_total_m3_s,0.0019798221857973927
34,4136730,ventilation_total_m3_s,0.035
35,4136730,infiltration_base,1.2278853596915769
35,4136730,infiltration_base_range,0.0
35,4136730,year_factor,0.9050021510445334
35,4136730,year_factor_range,0.0
35,4136730,fan_pressure,0.0
35,4136730,fan_pressure_range,0.0
35,4136730,f_ctrl,0.9223210738148823
35,4136730,f_ctrl_range,0.0
35,4136730,hrv_eff,0.0
35,4136730,hrv_eff_range,0.0
35,4136730,infiltration_schedule_name,0.0
35,4136730,ventilation_schedule_name,0.0
35,4136730,system_type,0.0
35,4136730,flow_exponent,0.67
35,4136730,infiltration_total_m3_s,0.0019798221857973927
35,4136730,ventilation_total_m3_s,0.035
36,4136730,infiltration_base,1.2278853596915769
36,4136730,infiltration_base_range,0.0
36,4136730,year_factor,0.9050021510445334
36,4136730,year_factor_range,0.0
36,4136730,fan_pressure,0.0
36,4136730,fan_pressure_range,0.0
36,4136730,f_ctrl,0.9223210738148823
36,4136730,f_ctrl_range,0.0
36,4136730,hrv_eff,0.0
36,4136730,hrv_eff_range,0.0
36,4136730,infiltration_schedule_name,0.0
36,4136730,ventilation_schedule_name,0.0
36,4136730,system_type,0.0
36,4136730,flow_exponent,0.67
36,4136730,infiltration_total_m3_s,0.0019798221857973927
36,4136730,ventilation_total_m3_s,0.035
37,4136730,infiltration_base,1.2278853596915769
37,4136730,infiltration_base_range,0.0
37,4136730,year_factor,0.9050021510445334
37,4136730,year_factor_range,0.0
37,4136730,fan_pressure,0.0
37,4136730,fan_pressure_range,0.0
37,4136730,f_ctrl,0.9223210738148823
37,4136730,f_ctrl_range,0.0
37,4136730,hrv_eff,0.0
37,4136730,hrv_eff_range,0.0
37,4136730,infiltration_schedule_name,0.0
37,4136730,ventilation_schedule_name,0.0
37,4136730,system_type,0.0
37,4136730,flow_exponent,0.67
37,4136730,infiltration_total_m3_s,0.0019798221857973927
37,4136730,ventilation_total_m3_s,0.035
38,4136730,infiltration_base,1.2278853596915769
38,4136730,infiltration_base_range,0.0
38,4136730,year_factor,0.9050021510445334
38,4136730,year_factor_range,0.0
38,4136730,fan_pressure,0.0
38,4136730,fan_pressure_range,0.0
38,4136730,f_ctrl,0.9223210738148823
38,4136730,f_ctrl_range,0.0
38,4136730,hrv_eff,0.0
38,4136730,hrv_eff_range,0.0
38,4136730,infiltration_schedule_name,0.0
38,4136730,ventilation_schedule_name,0.0
38,4136730,system_type,0.0
38,4136730,flow_exponent,0.67
38,4136730,infiltration_total_m3_s,0.0019798221857973927
38,4136730,ventilation_total_m3_s,0.035
39,4136730,infiltration_base,1.2278853596915769
39,4136730,infiltration_base_range,0.0
39,4136730,year_factor,0.9050021510445334
39,4136730,year_factor_range,0.0
39,4136730,fan_pressure,0.0
39,4136730,fan_pressure_range,0.0
39,4136730,f_ctrl,0.9223210738148823
39,4136730,f_ctrl_range,0.0
39,4136730,hrv_eff,0.0
39,4136730,hrv_eff_range,0.0
39,4136730,infiltration_schedule_name,0.0
39,4136730,ventilation_schedule_name,0.0
39,4136730,system_type,0.0
39,4136730,flow_exponent,0.67
39,4136730,infiltration_total_m3_s,0.0019798221857973927
39,4136730,ventilation_total_m3_s,0.035
40,4136730,infiltration_base,1.2278853596915769
40,4136730,infiltration_base_range,0.0
40,4136730,year_factor,0.9050021510445334
40,4136730,year_factor_range,0.0
40,4136730,fan_pressure,0.0
40,4136730,fan_pressure_range,0.0
40,4136730,f_ctrl,0.9223210738148823
40,4136730,f_ctrl_range,0.0
40,4136730,hrv_eff,0.0
40,4136730,hrv_eff_range,0.0
40,4136730,infiltration_schedule_name,0.0
40,4136730,ventilation_schedule_name,0.0
40,4136730,system_type,0.0
40,4136730,flow_exponent,0.67
40,4136730,infiltration_total_m3_s,0.0019798221857973927
40,4136730,ventilation_total_m3_s,0.035
41,4136730,infiltration_base,1.2278853596915769
41,4136730,infiltration_base_range,0.0
41,4136730,year_factor,0.9050021510445334
41,4136730,year_factor_range,0.0
41,4136730,fan_pressure,0.0
41,4136730,fan_pressure_range,0.0
41,4136730,f_ctrl,0.9223210738148823
41,4136730,f_ctrl_range,0.0
41,4136730,hrv_eff,0.0
41,4136730,hrv_eff_range,0.0
41,4136730,infiltration_schedule_name,0.0
41,4136730,ventilation_schedule_name,0.0
41,4136730,system_type,0.0
41,4136730,flow_exponent,0.67
41,4136730,infiltration_total_m3_s,0.0019798221857973927
41,4136730,ventilation_total_m3_s,0.035
42,4136730,infiltration_base,1.2278853596915769
42,4136730,infiltration_base_range,0.0
42,4136730,year_factor,0.9050021510445334
42,4136730,year_factor_range,0.0
42,4136730,fan_pressure,0.0
42,4136730,fan_pressure_range,0.0
42,4136730,f_ctrl,0.9223210738148823
42,4136730,f_ctrl_range,0.0
42,4136730,hrv_eff,0.0
42,4136730,hrv_eff_range,0.0
42,4136730,infiltration_schedule_name,0.0
42,4136730,ventilation_schedule_name,0.0
42,4136730,system_type,0.0
42,4136730,flow_exponent,0.67
42,4136730,infiltration_total_m3_s,0.0019798221857973927
42,4136730,ventilation_total_m3_s,0.035
43,4136730,infiltration_base,1.2278853596915769
43,4136730,infiltration_base_range,0.0
43,4136730,year_factor,0.9050021510445334
43,4136730,year_factor_range,0.0
43,4136730,fan_pressure,0.0
43,4136730,fan_pressure_range,0.0
43,4136730,f_ctrl,0.9223210738148823
43,4136730,f_ctrl_range,0.0
43,4136730,hrv_eff,0.0
43,4136730,hrv_eff_range,0.0
43,4136730,infiltration_schedule_name,0.0
43,4136730,ventilation_schedule_name,0.0
43,4136730,system_type,0.0
43,4136730,flow_exponent,0.67
43,4136730,infiltration_total_m3_s,0.0019798221857973927
43,4136730,ventilation_total_m3_s,0.035
44,4136730,infiltration_base,1.2278853596915769
44,4136730,infiltration_base_range,0.0
44,4136730,year_factor,0.9050021510445334
44,4136730,year_factor_range,0.0
44,4136730,fan_pressure,0.0
44,4136730,fan_pressure_range,0.0
44,4136730,f_ctrl,0.9223210738148823
44,4136730,f_ctrl_range,0.0
44,4136730,hrv_eff,0.0
44,4136730,hrv_eff_range,0.0
44,4136730,infiltration_schedule_name,0.0
44,4136730,ventilation_schedule_name,0.0
44,4136730,system_type,0.0
44,4136730,flow_exponent,0.67
44,4136730,infiltration_total_m3_s,0.0019798221857973927
44,4136730,ventilation_total_m3_s,0.035
45,4136730,infiltration_base,1.2278853596915769
45,4136730,infiltration_base_range,0.0
45,4136730,year_factor,0.9050021510445334
45,4136730,year_factor_range,0.0
45,4136730,fan_pressure,0.0
45,4136730,fan_pressure_range,0.0
45,4136730,f_ctrl,0.9223210738148823
45,4136730,f_ctrl_range,0.0
45,4136730,hrv_eff,0.0
45,4136730,hrv_eff_range,0.0
45,4136730,infiltration_schedule_name,0.0
45,4136730,ventilation_schedule_name,0.0
45,4136730,system_type,0.0
45,4136730,flow_exponent,0.67
45,4136730,infiltration_total_m3_s,0.0019798221857973927
45,4136730,ventilation_total_m3_s,0.035
46,4136730,infiltration_base,1.2278853596915769
46,4136730,infiltration_base_range,0.0
46,4136730,year_factor,0.9050021510445334
46,4136730,year_factor_range,0.0
46,4136730,fan_pressure,0.0
46,4136730,fan_pressure_range,0.0
46,4136730,f_ctrl,0.9223210738148823
46,4136730,f_ctrl_range,0.0
46,4136730,hrv_eff,0.0
46,4136730,hrv_eff_range,0.0
46,4136730,infiltration_schedule_name,0.0
46,4136730,ventilation_schedule_name,0.0
46,4136730,system_type,0.0
46,4136730,flow_exponent,0.67
46,4136730,infiltration_total_m3_s,0.0019798221857973927
46,4136730,ventilation_total_m3_s,0.035
47,4136730,infiltration_base,1.2278853596915769
47,4136730,infiltration_base_range,0.0
47,4136730,year_factor,0.9050021510445334
47,4136730,year_factor_range,0.0
47,4136730,fan_pressure,0.0
47,4136730,fan_pressure_range,0.0
47,4136730,f_ctrl,0.9223210738148823
47,4136730,f_ctrl_range,0.0
47,4136730,hrv_eff,0.0
47,4136730,hrv_eff_range,0.0
47,4136730,infiltration_schedule_name,0.0
47,4136730,ventilation_schedule_name,0.0
47,4136730,system_type,0.0
47,4136730,flow_exponent,0.67
47,4136730,infiltration_total_m3_s,0.0019798221857973927
47,4136730,ventilation_total_m3_s,0.035
48,4136730,infiltration_base,1.2278853596915769
48,4136730,infiltration_base_range,0.0
48,4136730,year_factor,0.9050021510445334
48,4136730,year_factor_range,0.0
48,4136730,fan_pressure,0.0
48,4136730,fan_pressure_range,0.0
48,4136730,f_ctrl,0.9223210738148823
48,4136730,f_ctrl_range,0.0
48,4136730,hrv_eff,0.0
48,4136730,hrv_eff_range,0.0
48,4136730,infiltration_schedule_name,0.0
48,4136730,ventilation_schedule_name,0.0
48,4136730,system_type,0.0
48,4136730,flow_exponent,0.67
48,4136730,infiltration_total_m3_s,0.0019798221857973927
48,4136730,ventilation_total_m3_s,0.035
49,4136730,infiltration_base,1.2278853596915769
49,4136730,infiltration_base_range,0.0
49,4136730,year_factor,0.9050021510445334
49,4136730,year_factor_range,0.0
49,4136730,fan_pressure,0.0
49,4136730,fan_pressure_range,0.0
49,4136730,f_ctrl,0.9223210738148823
49,4136730,f_ctrl_range,0.0
49,4136730,hrv_eff,0.0
49,4136730,hrv_eff_range,0.0
49,4136730,infiltration_schedule_name,0.0
49,4136730,ventilation_schedule_name,0.0
49,4136730,system_type,0.0
49,4136730,flow_exponent,0.67
49,4136730,infiltration_total_m3_s,0.0019798221857973927
49,4136730,ventilation_total_m3_s,0.035
50,4136730,infiltration_base,1.2278853596915769
50,4136730,infiltration_base_range,0.0
50,4136730,year_factor,0.9050021510445334
50,4136730,year_factor_range,0.0
50,4136730,fan_pressure,0.0
50,4136730,fan_pressure_range,0.0
50,4136730,f_ctrl,0.9223210738148823
50,4136730,f_ctrl_range,0.0
50,4136730,hrv_eff,0.0
50,4136730,hrv_eff_range,0.0
50,4136730,infiltration_schedule_name,0.0
50,4136730,ventilation_schedule_name,0.0
50,4136730,system_type,0.0
50,4136730,flow_exponent,0.67
50,4136730,infiltration_total_m3_s,0.0019798221857973927
50,4136730,ventilation_total_m3_s,0.035
51,4136730,infiltration_base,1.2278853596915769
51,4136730,infiltration_base_range,0.0
51,4136730,year_factor,0.9050021510445334
51,4136730,year_factor_range,0.0
51,4136730,fan_pressure,0.0
51,4136730,fan_pressure_range,0.0
51,4136730,f_ctrl,0.9223210738148823
51,4136730,f_ctrl_range,0.0
51,4136730,hrv_eff,0.0
51,4136730,hrv_eff_range,0.0
51,4136730,infiltration_schedule_name,0.0
51,4136730,ventilation_schedule_name,0.0
51,4136730,system_type,0.0
51,4136730,flow_exponent,0.67
51,4136730,infiltration_total_m3_s,0.0019798221857973927
51,4136730,ventilation_total_m3_s,0.035
52,4136730,infiltration_base,1.2278853596915769
52,4136730,infiltration_base_range,0.0
52,4136730,year_factor,0.9050021510445334
52,4136730,year_factor_range,0.0
52,4136730,fan_pressure,0.0
52,4136730,fan_pressure_range,0.0
52,4136730,f_ctrl,0.9223210738148823
52,4136730,f_ctrl_range,0.0
52,4136730,hrv_eff,0.0
52,4136730,hrv_eff_range,0.0
52,4136730,infiltration_schedule_name,0.0
52,4136730,ventilation_schedule_name,0.0
52,4136730,system_type,0.0
52,4136730,flow_exponent,0.67
52,4136730,infiltration_total_m3_s,0.0019798221857973927
52,4136730,ventilation_total_m3_s,0.035
53,4136730,infiltration_base,1.2278853596915769
53,4136730,infiltration_base_range,0.0
53,4136730,year_factor,0.9050021510445334
53,4136730,year_factor_range,0.0
53,4136730,fan_pressure,0.0
53,4136730,fan_pressure_range,0.0
53,4136730,f_ctrl,0.9223210738148823
53,4136730,f_ctrl_range,0.0
53,4136730,hrv_eff,0.0
53,4136730,hrv_eff_range,0.0
53,4136730,infiltration_schedule_name,0.0
53,4136730,ventilation_schedule_name,0.0
53,4136730,system_type,0.0
53,4136730,flow_exponent,0.67
53,4136730,infiltration_total_m3_s,0.0019798221857973927
53,4136730,ventilation_total_m3_s,0.035
54,4136730,infiltration_base,1.2278853596915769
54,4136730,infiltration_base_range,0.0
54,4136730,year_factor,0.9050021510445334
54,4136730,year_factor_range,0.0
54,4136730,fan_pressure,0.0
54,4136730,fan_pressure_range,0.0
54,4136730,f_ctrl,0.9223210738148823
54,4136730,f_ctrl_range,0.0
54,4136730,hrv_eff,0.0
54,4136730,hrv_eff_range,0.0
54,4136730,infiltration_schedule_name,0.0
54,4136730,ventilation_schedule_name,0.0
54,4136730,system_type,0.0
54,4136730,flow_exponent,0.67
54,4136730,infiltration_total_m3_s,0.0019798221857973927
54,4136730,ventilation_total_m3_s,0.035
55,4136730,infiltration_base,1.2278853596915769
55,4136730,infiltration_base_range,0.0
55,4136730,year_factor,0.9050021510445334
55,4136730,year_factor_range,0.0
55,4136730,fan_pressure,0.0
55,4136730,fan_pressure_range,0.0
55,4136730,f_ctrl,0.9223210738148823
55,4136730,f_ctrl_range,0.0
55,4136730,hrv_eff,0.0
55,4136730,hrv_eff_range,0.0
55,4136730,infiltration_schedule_name,0.0
55,4136730,ventilation_schedule_name,0.0
55,4136730,system_type,0.0
55,4136730,flow_exponent,0.67
55,4136730,infiltration_total_m3_s,0.0019798221857973927
55,4136730,ventilation_total_m3_s,0.035
56,4136730,infiltration_base,1.2278853596915769
56,4136730,infiltration_base_range,0.0
56,4136730,year_factor,0.9050021510445334
56,4136730,year_factor_range,0.0
56,4136730,fan_pressure,0.0
56,4136730,fan_pressure_range,0.0
56,4136730,f_ctrl,0.9223210738148823
56,4136730,f_ctrl_range,0.0
56,4136730,hrv_eff,0.0
56,4136730,hrv_eff_range,0.0
56,4136730,infiltration_schedule_name,0.0
56,4136730,ventilation_schedule_name,0.0
56,4136730,system_type,0.0
56,4136730,flow_exponent,0.67
56,4136730,infiltration_total_m3_s,0.0019798221857973927
56,4136730,ventilation_total_m3_s,0.035
57,4136730,infiltration_base,1.2278853596915769
57,4136730,infiltration_base_range,0.0
57,4136730,year_factor,0.9050021510445334
57,4136730,year_factor_range,0.0
57,4136730,fan_pressure,0.0
57,4136730,fan_pressure_range,0.0
57,4136730,f_ctrl,0.9223210738148823
57,4136730,f_ctrl_range,0.0
57,4136730,hrv_eff,0.0
57,4136730,hrv_eff_range,0.0
57,4136730,infiltration_schedule_name,0.0
57,4136730,ventilation_schedule_name,0.0
57,4136730,system_type,0.0
57,4136730,flow_exponent,0.67
57,4136730,infiltration_total_m3_s,0.0019798221857973927
57,4136730,ventilation_total_m3_s,0.035
58,4136730,infiltration_base,1.2278853596915769
58,4136730,infiltration_base_range,0.0
58,4136730,year_factor,0.9050021510445334
58,4136730,year_factor_range,0.0
58,4136730,fan_pressure,0.0
58,4136730,fan_pressure_range,0.0
58,4136730,f_ctrl,0.9223210738148823
58,4136730,f_ctrl_range,0.0
58,4136730,hrv_eff,0.0
58,4136730,hrv_eff_range,0.0
58,4136730,infiltration_schedule_name,0.0
58,4136730,ventilation_schedule_name,0.0
58,4136730,system_type,0.0
58,4136730,flow_exponent,0.67
58,4136730,infiltration_total_m3_s,0.0019798221857973927
58,4136730,ventilation_total_m3_s,0.035
59,4136730,infiltration_base,1.2278853596915769
59,4136730,infiltration_base_range,0.0
59,4136730,year_factor,0.9050021510445334
59,4136730,year_factor_range,0.0
59,4136730,fan_pressure,0.0
59,4136730,fan_pressure_range,0.0
59,4136730,f_ctrl,0.9223210738148823
59,4136730,f_ctrl_range,0.0
59,4136730,hrv_eff,0.0
59,4136730,hrv_eff_range,0.0
59,4136730,infiltration_schedule_name,0.0
59,4136730,ventilation_schedule_name,0.0
59,4136730,system_type,0.0
59,4136730,flow_exponent,0.67
59,4136730,infiltration_total_m3_s,0.0019798221857973927
59,4136730,ventilation_total_m3_s,0.035
60,4136730,infiltration_base,1.2278853596915769
60,4136730,infiltration_base_range,0.0
60,4136730,year_factor,0.9050021510445334
60,4136730,year_factor_range,0.0
60,4136730,fan_pressure,0.0
60,4136730,fan_pressure_range,0.0
60,4136730,f_ctrl,0.9223210738148823
60,4136730,f_ctrl_range,0.0
60,4136730,hrv_eff,0.0
60,4136730,hrv_eff_range,0.0
60,4136730,infiltration_schedule_name,0.0
60,4136730,ventilation_schedule_name,0.0
60,4136730,system_type,0.0
60,4136730,flow_exponent,0.67
60,4136730,infiltration_total_m3_s,0.0019798221857973927
60,4136730,ventilation_total_m3_s,0.035
61,4136730,infiltration_base,1.2278853596915769
61,4136730,infiltration_base_range,0.0
61,4136730,year_factor,0.9050021510445334
61,4136730,year_factor_range,0.0
61,4136730,fan_pressure,0.0
61,4136730,fan_pressure_range,0.0
61,4136730,f_ctrl,0.9223210738148823
61,4136730,f_ctrl_range,0.0
61,4136730,hrv_eff,0.0
61,4136730,hrv_eff_range,0.0
61,4136730,infiltration_schedule_name,0.0
61,4136730,ventilation_schedule_name,0.0
61,4136730,system_type,0.0
61,4136730,flow_exponent,0.67
61,4136730,infiltration_total_m3_s,0.0019798221857973927
61,4136730,ventilation_total_m3_s,0.035
62,4136730,infiltration_base,1.2278853596915769
62,4136730,infiltration_base_range,0.0
62,4136730,year_factor,0.9050021510445334
62,4136730,year_factor_range,0.0
62,4136730,fan_pressure,0.0
62,4136730,fan_pressure_range,0.0
62,4136730,f_ctrl,0.9223210738148823
62,4136730,f_ctrl_range,0.0
62,4136730,hrv_eff,0.0
62,4136730,hrv_eff_range,0.0
62,4136730,infiltration_schedule_name,0.0
62,4136730,ventilation_schedule_name,0.0
62,4136730,system_type,0.0
62,4136730,flow_exponent,0.67
62,4136730,infiltration_total_m3_s,0.0019798221857973927
62,4136730,ventilation_total_m3_s,0.035
63,4136730,infiltration_base,1.2278853596915769
63,4136730,infiltration_base_range,0.0
63,4136730,year_factor,0.9050021510445334
63,4136730,year_factor_range,0.0
63,4136730,fan_pressure,0.0
63,4136730,fan_pressure_range,0.0
63,4136730,f_ctrl,0.9223210738148823
63,4136730,f_ctrl_range,0.0
63,4136730,hrv_eff,0.0
63,4136730,hrv_eff_range,0.0
63,4136730,infiltration_schedule_name,0.0
63,4136730,ventilation_schedule_name,0.0
63,4136730,system_type,0.0
63,4136730,flow_exponent,0.67
63,4136730,infiltration_total_m3_s,0.0019798221857973927
63,4136730,ventilation_total_m3_s,0.035
64,4136730,infiltration_base,1.2278853596915769
64,4136730,infiltration_base_range,0.0
64,4136730,year_factor,0.9050021510445334
64,4136730,year_factor_range,0.0
64,4136730,fan_pressure,0.0
64,4136730,fan_pressure_range,0.0
64,4136730,f_ctrl,0.9223210738148823
64,4136730,f_ctrl_range,0.0
64,4136730,hrv_eff,0.0
64,4136730,hrv_eff_range,0.0
64,4136730,infiltration_schedule_name,0.0
64,4136730,ventilation_schedule_name,0.0
64,4136730,system_type,0.0
64,4136730,flow_exponent,0.67
64,4136730,infiltration_total_m3_s,0.0019798221857973927
64,4136730,ventilation_total_m3_s,0.035
65,4136730,infiltration_base,1.2278853596915769
65,4136730,infiltration_base_range,0.0
65,4136730,year_factor,0.9050021510445334
65,4136730,year_factor_range,0.0
65,4136730,fan_pressure,0.0
65,4136730,fan_pressure_range,0.0
65,4136730,f_ctrl,0.9223210738148823
65,4136730,f_ctrl_range,0.0
65,4136730,hrv_eff,0.0
65,4136730,hrv_eff_range,0.0
65,4136730,infiltration_schedule_name,0.0
65,4136730,ventilation_schedule_name,0.0
65,4136730,system_type,0.0
65,4136730,flow_exponent,0.67
65,4136730,infiltration_total_m3_s,0.0019798221857973927
65,4136730,ventilation_total_m3_s,0.035
66,4136730,infiltration_base,1.2278853596915769
66,4136730,infiltration_base_range,0.0
66,4136730,year_factor,0.9050021510445334
66,4136730,year_factor_range,0.0
66,4136730,fan_pressure,0.0
66,4136730,fan_pressure_range,0.0
66,4136730,f_ctrl,0.9223210738148823
66,4136730,f_ctrl_range,0.0
66,4136730,hrv_eff,0.0
66,4136730,hrv_eff_range,0.0
66,4136730,infiltration_schedule_name,0.0
66,4136730,ventilation_schedule_name,0.0
66,4136730,system_type,0.0
66,4136730,flow_exponent,0.67
66,4136730,infiltration_total_m3_s,0.0019798221857973927
66,4136730,ventilation_total_m3_s,0.035
67,4136730,infiltration_base,1.2278853596915769
67,4136730,infiltration_base_range,0.0
67,4136730,year_factor,0.9050021510445334
67,4136730,year_factor_range,0.0
67,4136730,fan_pressure,0.0
67,4136730,fan_pressure_range,0.0
67,4136730,f_ctrl,0.9223210738148823
67,4136730,f_ctrl_range,0.0
67,4136730,hrv_eff,0.0
67,4136730,hrv_eff_range,0.0
67,4136730,infiltration_schedule_name,0.0
67,4136730,ventilation_schedule_name,0.0
67,4136730,system_type,0.0
67,4136730,flow_exponent,0.67
67,4136730,infiltration_total_m3_s,0.0019798221857973927
67,4136730,ventilation_total_m3_s,0.035
68,4136730,infiltration_base,1.2278853596915769
68,4136730,infiltration_base_range,0.0
68,4136730,year_factor,0.9050021510445334
68,4136730,year_factor_range,0.0
68,4136730,fan_pressure,0.0
68,4136730,fan_pressure_range,0.0
68,4136730,f_ctrl,0.9223210738148823
68,4136730,f_ctrl_range,0.0
68,4136730,hrv_eff,0.0
68,4136730,hrv_eff_range,0.0
68,4136730,infiltration_schedule_name,0.0
68,4136730,ventilation_schedule_name,0.0
68,4136730,system_type,0.0
68,4136730,flow_exponent,0.67
68,4136730,infiltration_total_m3_s,0.0019798221857973927
68,4136730,ventilation_total_m3_s,0.035
69,4136730,infiltration_base,1.2278853596915769
69,4136730,infiltration_base_range,0.0
69,4136730,year_factor,0.9050021510445334
69,4136730,year_factor_range,0.0
69,4136730,fan_pressure,0.0
69,4136730,fan_pressure_range,0.0
69,4136730,f_ctrl,0.9223210738148823
69,4136730,f_ctrl_range,0.0
69,4136730,hrv_eff,0.0
69,4136730,hrv_eff_range,0.0
69,4136730,infiltration_schedule_name,0.0
69,4136730,ventilation_schedule_name,0.0
69,4136730,system_type,0.0
69,4136730,flow_exponent,0.67
69,4136730,infiltration_total_m3_s,0.0019798221857973927
69,4136730,ventilation_total_m3_s,0.035
70,4136730,infiltration_base,1.2278853596915769
70,4136730,infiltration_base_range,0.0
70,4136730,year_factor,0.9050021510445334
70,4136730,year_factor_range,0.0
70,4136730,fan_pressure,0.0
70,4136730,fan_pressure_range,0.0
70,4136730,f_ctrl,0.9223210738148823
70,4136730,f_ctrl_range,0.0
70,4136730,hrv_eff,0.0
70,4136730,hrv_eff_range,0.0
70,4136730,infiltration_schedule_name,0.0
70,4136730,ventilation_schedule_name,0.0
70,4136730,system_type,0.0
70,4136730,flow_exponent,0.67
70,4136730,infiltration_total_m3_s,0.0019798221857973927
70,4136730,ventilation_total_m3_s,0.035
71,4136730,infiltration_base,1.2278853596915769
71,4136730,infiltration_base_range,0.0
71,4136730,year_factor,0.9050021510445334
71,4136730,year_factor_range,0.0
71,4136730,fan_pressure,0.0
71,4136730,fan_pressure_range,0.0
71,4136730,f_ctrl,0.9223210738148823
71,4136730,f_ctrl_range,0.0
71,4136730,hrv_eff,0.0
71,4136730,hrv_eff_range,0.0
71,4136730,infiltration_schedule_name,0.0
71,4136730,ventilation_schedule_name,0.0
71,4136730,system_type,0.0
71,4136730,flow_exponent,0.67
71,4136730,infiltration_total_m3_s,0.0019798221857973927
71,4136730,ventilation_total_m3_s,0.035
72,4136730,infiltration_base,1.2278853596915769
72,4136730,infiltration_base_range,0.0
72,4136730,year_factor,0.9050021510445334
72,4136730,year_factor_range,0.0
72,4136730,fan_pressure,0.0
72,4136730,fan_pressure_range,0.0
72,4136730,f_ctrl,0.9223210738148823
72,4136730,f_ctrl_range,0.0
72,4136730,hrv_eff,0.0
72,4136730,hrv_eff_range,0.0
72,4136730,infiltration_schedule_name,0.0
72,4136730,ventilation_schedule_name,0.0
72,4136730,system_type,0.0
72,4136730,flow_exponent,0.67
72,4136730,infiltration_total_m3_s,0.0019798221857973927
72,4136730,ventilation_total_m3_s,0.035
73,4136730,infiltration_base,1.2278853596915769
73,4136730,infiltration_base_range,0.0
73,4136730,year_factor,0.9050021510445334
73,4136730,year_factor_range,0.0
73,4136730,fan_pressure,0.0
73,4136730,fan_pressure_range,0.0
73,4136730,f_ctrl,0.9223210738148823
73,4136730,f_ctrl_range,0.0
73,4136730,hrv_eff,0.0
73,4136730,hrv_eff_range,0.0
73,4136730,infiltration_schedule_name,0.0
73,4136730,ventilation_schedule_name,0.0
73,4136730,system_type,0.0
73,4136730,flow_exponent,0.67
73,4136730,infiltration_total_m3_s,0.0019798221857973927
73,4136730,ventilation_total_m3_s,0.035
74,4136730,infiltration_base,1.2278853596915769
74,4136730,infiltration_base_range,0.0
74,4136730,year_factor,0.9050021510445334
74,4136730,year_factor_range,0.0
74,4136730,fan_pressure,0.0
74,4136730,fan_pressure_range,0.0
74,4136730,f_ctrl,0.9223210738148823
74,4136730,f_ctrl_range,0.0
74,4136730,hrv_eff,0.0
74,4136730,hrv_eff_range,0.0
74,4136730,infiltration_schedule_name,0.0
74,4136730,ventilation_schedule_name,0.0
74,4136730,system_type,0.0
74,4136730,flow_exponent,0.67
74,4136730,infiltration_total_m3_s,0.0019798221857973927
74,4136730,ventilation_total_m3_s,0.035
75,4136730,infiltration_base,1.2278853596915769
75,4136730,infiltration_base_range,0.0
75,4136730,year_factor,0.9050021510445334
75,4136730,year_factor_range,0.0
75,4136730,fan_pressure,0.0
75,4136730,fan_pressure_range,0.0
75,4136730,f_ctrl,0.9223210738148823
75,4136730,f_ctrl_range,0.0
75,4136730,hrv_eff,0.0
75,4136730,hrv_eff_range,0.0
75,4136730,infiltration_schedule_name,0.0
75,4136730,ventilation_schedule_name,0.0
75,4136730,system_type,0.0
75,4136730,flow_exponent,0.67
75,4136730,infiltration_total_m3_s,0.0019798221857973927
75,4136730,ventilation_total_m3_s,0.035
76,4136730,infiltration_base,1.2278853596915769
76,4136730,infiltration_base_range,0.0
76,4136730,year_factor,0.9050021510445334
76,4136730,year_factor_range,0.0
76,4136730,fan_pressure,0.0
76,4136730,fan_pressure_range,0.0
76,4136730,f_ctrl,0.9223210738148823
76,4136730,f_ctrl_range,0.0
76,4136730,hrv_eff,0.0
76,4136730,hrv_eff_range,0.0
76,4136730,infiltration_schedule_name,0.0
76,4136730,ventilation_schedule_name,0.0
76,4136730,system_type,0.0
76,4136730,flow_exponent,0.67
76,4136730,infiltration_total_m3_s,0.0019798221857973927
76,4136730,ventilation_total_m3_s,0.035
77,4136730,infiltration_base,1.2278853596915769
77,4136730,infiltration_base_range,0.0
77,4136730,year_factor,0.9050021510445334
77,4136730,year_factor_range,0.0
77,4136730,fan_pressure,0.0
77,4136730,fan_pressure_range,0.0
77,4136730,f_ctrl,0.9223210738148823
77,4136730,f_ctrl_range,0.0
77,4136730,hrv_eff,0.0
77,4136730,hrv_eff_range,0.0
77,4136730,infiltration_schedule_name,0.0
77,4136730,ventilation_schedule_name,0.0
77,4136730,system_type,0.0
77,4136730,flow_exponent,0.67
77,4136730,infiltration_total_m3_s,0.0019798221857973927
77,4136730,ventilation_total_m3_s,0.035
78,4136730,infiltration_base,1.2278853596915769
78,4136730,infiltration_base_range,0.0
78,4136730,year_factor,0.9050021510445334
78,4136730,year_factor_range,0.0
78,4136730,fan_pressure,0.0
78,4136730,fan_pressure_range,0.0
78,4136730,f_ctrl,0.9223210738148823
78,4136730,f_ctrl_range,0.0
78,4136730,hrv_eff,0.0
78,4136730,hrv_eff_range,0.0
78,4136730,infiltration_schedule_name,0.0
78,4136730,ventilation_schedule_name,0.0
78,4136730,system_type,0.0
78,4136730,flow_exponent,0.67
78,4136730,infiltration_total_m3_s,0.0019798221857973927
78,4136730,ventilation_total_m3_s,0.035
79,4136730,infiltration_base,1.2278853596915769
79,4136730,infiltration_base_range,0.0
79,4136730,year_factor,0.9050021510445334
79,4136730,year_factor_range,0.0
79,4136730,fan_pressure,0.0
79,4136730,fan_pressure_range,0.0
79,4136730,f_ctrl,0.9223210738148823
79,4136730,f_ctrl_range,0.0
79,4136730,hrv_eff,0.0
79,4136730,hrv_eff_range,0.0
79,4136730,infiltration_schedule_name,0.0
79,4136730,ventilation_schedule_name,0.0
79,4136730,system_type,0.0
79,4136730,flow_exponent,0.67
79,4136730,infiltration_total_m3_s,0.0019798221857973927
79,4136730,ventilation_total_m3_s,0.035
80,4136730,infiltration_base,1.2278853596915769
80,4136730,infiltration_base_range,0.0
80,4136730,year_factor,0.9050021510445334
80,4136730,year_factor_range,0.0
80,4136730,fan_pressure,0.0
80,4136730,fan_pressure_range,0.0
80,4136730,f_ctrl,0.9223210738148823
80,4136730,f_ctrl_range,0.0
80,4136730,hrv_eff,0.0
80,4136730,hrv_eff_range,0.0
80,4136730,infiltration_schedule_name,0.0
80,4136730,ventilation_schedule_name,0.0
80,4136730,system_type,0.0
80,4136730,flow_exponent,0.67
80,4136730,infiltration_total_m3_s,0.0019798221857973927
80,4136730,ventilation_total_m3_s,0.035
81,4136730,infiltration_base,1.2278853596915769
81,4136730,infiltration_base_range,0.0
81,4136730,year_factor,0.9050021510445334
81,4136730,year_factor_range,0.0
81,4136730,fan_pressure,0.0
81,4136730,fan_pressure_range,0.0
81,4136730,f_ctrl,0.9223210738148823
81,4136730,f_ctrl_range,0.0
81,4136730,hrv_eff,0.0
81,4136730,hrv_eff_range,0.0
81,4136730,infiltration_schedule_name,0.0
81,4136730,ventilation_schedule_name,0.0
81,4136730,system_type,0.0
81,4136730,flow_exponent,0.67
81,4136730,infiltration_total_m3_s,0.0019798221857973927
81,4136730,ventilation_total_m3_s,0.035
82,4136730,infiltration_base,1.2278853596915769
82,4136730,infiltration_base_range,0.0
82,4136730,year_factor,0.9050021510445334
82,4136730,year_factor_range,0.0
82,4136730,fan_pressure,0.0
82,4136730,fan_pressure_range,0.0
82,4136730,f_ctrl,0.9223210738148823
82,4136730,f_ctrl_range,0.0
82,4136730,hrv_eff,0.0
82,4136730,hrv_eff_range,0.0
82,4136730,infiltration_schedule_name,0.0
82,4136730,ventilation_schedule_name,0.0
82,4136730,system_type,0.0
82,4136730,flow_exponent,0.67
82,4136730,infiltration_total_m3_s,0.0019798221857973927
82,4136730,ventilation_total_m3_s,0.035
83,4136730,infiltration_base,1.2278853596915769
83,4136730,infiltration_base_range,0.0
83,4136730,year_factor,0.9050021510445334
83,4136730,year_factor_range,0.0
83,4136730,fan_pressure,0.0
83,4136730,fan_pressure_range,0.0
83,4136730,f_ctrl,0.9223210738148823
83,4136730,f_ctrl_range,0.0
83,4136730,hrv_eff,0.0
83,4136730,hrv_eff_range,0.0
83,4136730,infiltration_schedule_name,0.0
83,4136730,ventilation_schedule_name,0.0
83,4136730,system_type,0.0
83,4136730,flow_exponent,0.67
83,4136730,infiltration_total_m3_s,0.0019798221857973927
83,4136730,ventilation_total_m3_s,0.035
84,4136730,infiltration_base,1.2278853596915769
84,4136730,infiltration_base_range,0.0
84,4136730,year_factor,0.9050021510445334
84,4136730,year_factor_range,0.0
84,4136730,fan_pressure,0.0
84,4136730,fan_pressure_range,0.0
84,4136730,f_ctrl,0.9223210738148823
84,4136730,f_ctrl_range,0.0
84,4136730,hrv_eff,0.0
84,4136730,hrv_eff_range,0.0
84,4136730,infiltration_schedule_name,0.0
84,4136730,ventilation_schedule_name,0.0
84,4136730,system_type,0.0
84,4136730,flow_exponent,0.67
84,4136730,infiltration_total_m3_s,0.0019798221857973927
84,4136730,ventilation_total_m3_s,0.035
85,4136730,infiltration_base,1.2278853596915769
85,4136730,infiltration_base_range,0.0
85,4136730,year_factor,0.9050021510445334
85,4136730,year_factor_range,0.0
85,4136730,fan_pressure,0.0
85,4136730,fan_pressure_range,0.0
85,4136730,f_ctrl,0.9223210738148823
85,4136730,f_ctrl_range,0.0
85,4136730,hrv_eff,0.0
85,4136730,hrv_eff_range,0.0
85,4136730,infiltration_schedule_name,0.0
85,4136730,ventilation_schedule_name,0.0
85,4136730,system_type,0.0
85,4136730,flow_exponent,0.67
85,4136730,infiltration_total_m3_s,0.0019798221857973927
85,4136730,ventilation_total_m3_s,0.035
86,4136730,infiltration_base,1.2278853596915769
86,4136730,infiltration_base_range,0.0
86,4136730,year_factor,0.9050021510445334
86,4136730,year_factor_range,0.0
86,4136730,fan_pressure,0.0
86,4136730,fan_pressure_range,0.0
86,4136730,f_ctrl,0.9223210738148823
86,4136730,f_ctrl_range,0.0
86,4136730,hrv_eff,0.0
86,4136730,hrv_eff_range,0.0
86,4136730,infiltration_schedule_name,0.0
86,4136730,ventilation_schedule_name,0.0
86,4136730,system_type,0.0
86,4136730,flow_exponent,0.67
86,4136730,infiltration_total_m3_s,0.0019798221857973927
86,4136730,ventilation_total_m3_s,0.035
87,4136730,infiltration_base,1.2278853596915769
87,4136730,infiltration_base_range,0.0
87,4136730,year_factor,0.9050021510445334
87,4136730,year_factor_range,0.0
87,4136730,fan_pressure,0.0
87,4136730,fan_pressure_range,0.0
87,4136730,f_ctrl,0.9223210738148823
87,4136730,f_ctrl_range,0.0
87,4136730,hrv_eff,0.0
87,4136730,hrv_eff_range,0.0
87,4136730,infiltration_schedule_name,0.0
87,4136730,ventilation_schedule_name,0.0
87,4136730,system_type,0.0
87,4136730,flow_exponent,0.67
87,4136730,infiltration_total_m3_s,0.0019798221857973927
87,4136730,ventilation_total_m3_s,0.035
88,4136730,infiltration_base,1.2278853596915769
88,4136730,infiltration_base_range,0.0
88,4136730,year_factor,0.9050021510445334
88,4136730,year_factor_range,0.0
88,4136730,fan_pressure,0.0
88,4136730,fan_pressure_range,0.0
88,4136730,f_ctrl,0.9223210738148823
88,4136730,f_ctrl_range,0.0
88,4136730,hrv_eff,0.0
88,4136730,hrv_eff_range,0.0
88,4136730,infiltration_schedule_name,0.0
88,4136730,ventilation_schedule_name,0.0
88,4136730,system_type,0.0
88,4136730,flow_exponent,0.67
88,4136730,infiltration_total_m3_s,0.0019798221857973927
88,4136730,ventilation_total_m3_s,0.035
89,4136730,infiltration_base,1.2278853596915769
89,4136730,infiltration_base_range,0.0
89,4136730,year_factor,0.9050021510445334
89,4136730,year_factor_range,0.0
89,4136730,fan_pressure,0.0
89,4136730,fan_pressure_range,0.0
89,4136730,f_ctrl,0.9223210738148823
89,4136730,f_ctrl_range,0.0
89,4136730,hrv_eff,0.0
89,4136730,hrv_eff_range,0.0
89,4136730,infiltration_schedule_name,0.0
89,4136730,ventilation_schedule_name,0.0
89,4136730,system_type,0.0
89,4136730,flow_exponent,0.67
89,4136730,infiltration_total_m3_s,0.0019798221857973927
89,4136730,ventilation_total_m3_s,0.035
90,4136730,infiltration_base,1.2278853596915769
90,4136730,infiltration_base_range,0.0
90,4136730,year_factor,0.9050021510445334
90,4136730,year_factor_range,0.0
90,4136730,fan_pressure,0.0
90,4136730,fan_pressure_range,0.0
90,4136730,f_ctrl,0.9223210738148823
90,4136730,f_ctrl_range,0.0
90,4136730,hrv_eff,0.0
90,4136730,hrv_eff_range,0.0
90,4136730,infiltration_schedule_name,0.0
90,4136730,ventilation_schedule_name,0.0
90,4136730,system_type,0.0
90,4136730,flow_exponent,0.67
90,4136730,infiltration_total_m3_s,0.0019798221857973927
90,4136730,ventilation_total_m3_s,0.035
91,4136730,infiltration_base,1.2278853596915769
91,4136730,infiltration_base_range,0.0
91,4136730,year_factor,0.9050021510445334
91,4136730,year_factor_range,0.0
91,4136730,fan_pressure,0.0
91,4136730,fan_pressure_range,0.0
91,4136730,f_ctrl,0.9223210738148823
91,4136730,f_ctrl_range,0.0
91,4136730,hrv_eff,0.0
91,4136730,hrv_eff_range,0.0
91,4136730,infiltration_schedule_name,0.0
91,4136730,ventilation_schedule_name,0.0
91,4136730,system_type,0.0
91,4136730,flow_exponent,0.67
91,4136730,infiltration_total_m3_s,0.0019798221857973927
91,4136730,ventilation_total_m3_s,0.035
92,4136730,infiltration_base,1.2278853596915769
92,4136730,infiltration_base_range,0.0
92,4136730,year_factor,0.9050021510445334
92,4136730,year_factor_range,0.0
92,4136730,fan_pressure,0.0
92,4136730,fan_pressure_range,0.0
92,4136730,f_ctrl,0.9223210738148823
92,4136730,f_ctrl_range,0.0
92,4136730,hrv_eff,0.0
92,4136730,hrv_eff_range,0.0
92,4136730,infiltration_schedule_name,0.0
92,4136730,ventilation_schedule_name,0.0
92,4136730,system_type,0.0
92,4136730,flow_exponent,0.67
92,4136730,infiltration_total_m3_s,0.0019798221857973927
92,4136730,ventilation_total_m3_s,0.035
93,4136730,infiltration_base,1.2278853596915769
93,4136730,infiltration_base_range,0.0
93,4136730,year_factor,0.9050021510445334
93,4136730,year_factor_range,0.0
93,4136730,fan_pressure,0.0
93,4136730,fan_pressure_range,0.0
93,4136730,f_ctrl,0.9223210738148823
93,4136730,f_ctrl_range,0.0
93,4136730,hrv_eff,0.0
93,4136730,hrv_eff_range,0.0
93,4136730,infiltration_schedule_name,0.0
93,4136730,ventilation_schedule_name,0.0
93,4136730,system_type,0.0
93,4136730,flow_exponent,0.67
93,4136730,infiltration_total_m3_s,0.0019798221857973927
93,4136730,ventilation_total_m3_s,0.035
94,4136730,infiltration_base,1.2278853596915769
94,4136730,infiltration_base_range,0.0
94,4136730,year_factor,0.9050021510445334
94,4136730,year_factor_range,0.0
94,4136730,fan_pressure,0.0
94,4136730,fan_pressure_range,0.0
94,4136730,f_ctrl,0.9223210738148823
94,4136730,f_ctrl_range,0.0
94,4136730,hrv_eff,0.0
94,4136730,hrv_eff_range,0.0
94,4136730,infiltration_schedule_name,0.0
94,4136730,ventilation_schedule_name,0.0
94,4136730,system_type,0.0
94,4136730,flow_exponent,0.67
94,4136730,infiltration_total_m3_s,0.0019798221857973927
94,4136730,ventilation_total_m3_s,0.035
95,4136730,infiltration_base,1.2278853596915769
95,4136730,infiltration_base_range,0.0
95,4136730,year_factor,0.9050021510445334
95,4136730,year_factor_range,0.0
95,4136730,fan_pressure,0.0
95,4136730,fan_pressure_range,0.0
95,4136730,f_ctrl,0.9223210738148823
95,4136730,f_ctrl_range,0.0
95,4136730,hrv_eff,0.0
95,4136730,hrv_eff_range,0.0
95,4136730,infiltration_schedule_name,0.0
95,4136730,ventilation_schedule_name,0.0
95,4136730,system_type,0.0
95,4136730,flow_exponent,0.67
95,4136730,infiltration_total_m3_s,0.0019798221857973927
95,4136730,ventilation_total_m3_s,0.035
96,4136730,infiltration_base,1.2278853596915769
96,4136730,infiltration_base_range,0.0
96,4136730,year_factor,0.9050021510445334
96,4136730,year_factor_range,0.0
96,4136730,fan_pressure,0.0
96,4136730,fan_pressure_range,0.0
96,4136730,f_ctrl,0.9223210738148823
96,4136730,f_ctrl_range,0.0
96,4136730,hrv_eff,0.0
96,4136730,hrv_eff_range,0.0
96,4136730,infiltration_schedule_name,0.0
96,4136730,ventilation_schedule_name,0.0
96,4136730,system_type,0.0
96,4136730,flow_exponent,0.67
96,4136730,infiltration_total_m3_s,0.0019798221857973927
96,4136730,ventilation_total_m3_s,0.035
97,4136730,infiltration_base,1.2278853596915769
97,4136730,infiltration_base_range,0.0
97,4136730,year_factor,0.9050021510445334
97,4136730,year_factor_range,0.0
97,4136730,fan_pressure,0.0
97,4136730,fan_pressure_range,0.0
97,4136730,f_ctrl,0.9223210738148823
97,4136730,f_ctrl_range,0.0
97,4136730,hrv_eff,0.0
97,4136730,hrv_eff_range,0.0
97,4136730,infiltration_schedule_name,0.0
97,4136730,ventilation_schedule_name,0.0
97,4136730,system_type,0.0
97,4136730,flow_exponent,0.67
97,4136730,infiltration_total_m3_s,0.0019798221857973927
97,4136730,ventilation_total_m3_s,0.035
98,4136730,infiltration_base,1.2278853596915769
98,4136730,infiltration_base_range,0.0
98,4136730,year_factor,0.9050021510445334
98,4136730,year_factor_range,0.0
98,4136730,fan_pressure,0.0
98,4136730,fan_pressure_range,0.0
98,4136730,f_ctrl,0.9223210738148823
98,4136730,f_ctrl_range,0.0
98,4136730,hrv_eff,0.0
98,4136730,hrv_eff_range,0.0
98,4136730,infiltration_schedule_name,0.0
98,4136730,ventilation_schedule_name,0.0
98,4136730,system_type,0.0
98,4136730,flow_exponent,0.67
98,4136730,infiltration_total_m3_s,0.0019798221857973927
98,4136730,ventilation_total_m3_s,0.035
99,4136730,infiltration_base,1.2278853596915769
99,4136730,infiltration_base_range,0.0
99,4136730,year_factor,0.9050021510445334
99,4136730,year_factor_range,0.0
99,4136730,fan_pressure,0.0
99,4136730,fan_pressure_range,0.0
99,4136730,f_ctrl,0.9223210738148823
99,4136730,f_ctrl_range,0.0
99,4136730,hrv_eff,0.0
99,4136730,hrv_eff_range,0.0
99,4136730,infiltration_schedule_name,0.0
99,4136730,ventilation_schedule_name,0.0
99,4136730,system_type,0.0
99,4136730,flow_exponent,0.67
99,4136730,infiltration_total_m3_s,0.0019798221857973927
99,4136730,ventilation_total_m3_s,0.035
100,4136730,infiltration_base,1.2278853596915769
100,4136730,infiltration_base_range,0.0
100,4136730,year_factor,0.9050021510445334
100,4136730,year_factor_range,0.0
100,4136730,fan_pressure,0.0
100,4136730,fan_pressure_range,0.0
100,4136730,f_ctrl,0.9223210738148823
100,4136730,f_ctrl_range,0.0
100,4136730,hrv_eff,0.0
100,4136730,hrv_eff_range,0.0
100,4136730,infiltration_schedule_name,0.0
100,4136730,ventilation_schedule_name,0.0
100,4136730,system_type,0.0
100,4136730,flow_exponent,0.67
100,4136730,infiltration_total_m3_s,0.0019798221857973927
100,4136730,ventilation_total_m3_s,0.035
101,4136730,infiltration_base,1.2278853596915769
101,4136730,infiltration_base_range,0.0
101,4136730,year_factor,0.9050021510445334
101,4136730,year_factor_range,0.0
101,4136730,fan_pressure,0.0
101,4136730,fan_pressure_range,0.0
101,4136730,f_ctrl,0.9223210738148823
101,4136730,f_ctrl_range,0.0
101,4136730,hrv_eff,0.0
101,4136730,hrv_eff_range,0.0
101,4136730,infiltration_schedule_name,0.0
101,4136730,ventilation_schedule_name,0.0
101,4136730,system_type,0.0
101,4136730,flow_exponent,0.67
101,4136730,infiltration_total_m3_s,0.0019798221857973927
101,4136730,ventilation_total_m3_s,0.035
102,4136730,infiltration_base,1.2278853596915769
102,4136730,infiltration_base_range,0.0
102,4136730,year_factor,0.9050021510445334
102,4136730,year_factor_range,0.0
102,4136730,fan_pressure,0.0
102,4136730,fan_pressure_range,0.0
102,4136730,f_ctrl,0.9223210738148823
102,4136730,f_ctrl_range,0.0
102,4136730,hrv_eff,0.0
102,4136730,hrv_eff_range,0.0
102,4136730,infiltration_schedule_name,0.0
102,4136730,ventilation_schedule_name,0.0
102,4136730,system_type,0.0
102,4136730,flow_exponent,0.67
102,4136730,infiltration_total_m3_s,0.0019798221857973927
102,4136730,ventilation_total_m3_s,0.035
103,4136730,infiltration_base,1.2278853596915769
103,4136730,infiltration_base_range,0.0
103,4136730,year_factor,0.9050021510445334
103,4136730,year_factor_range,0.0
103,4136730,fan_pressure,0.0
103,4136730,fan_pressure_range,0.0
103,4136730,f_ctrl,0.9223210738148823
103,4136730,f_ctrl_range,0.0
103,4136730,hrv_eff,0.0
103,4136730,hrv_eff_range,0.0
103,4136730,infiltration_schedule_name,0.0
103,4136730,ventilation_schedule_name,0.0
103,4136730,system_type,0.0
103,4136730,flow_exponent,0.67
103,4136730,infiltration_total_m3_s,0.0019798221857973927
103,4136730,ventilation_total_m3_s,0.035
104,4136730,infiltration_base,1.2278853596915769
104,4136730,infiltration_base_range,0.0
104,4136730,year_factor,0.9050021510445334
104,4136730,year_factor_range,0.0
104,4136730,fan_pressure,0.0
104,4136730,fan_pressure_range,0.0
104,4136730,f_ctrl,0.9223210738148823
104,4136730,f_ctrl_range,0.0
104,4136730,hrv_eff,0.0
104,4136730,hrv_eff_range,0.0
104,4136730,infiltration_schedule_name,0.0
104,4136730,ventilation_schedule_name,0.0
104,4136730,system_type,0.0
104,4136730,flow_exponent,0.67
104,4136730,infiltration_total_m3_s,0.0019798221857973927
104,4136730,ventilation_total_m3_s,0.035
105,4136730,infiltration_base,1.2278853596915769
105,4136730,infiltration_base_range,0.0
105,4136730,year_factor,0.9050021510445334
105,4136730,year_factor_range,0.0
105,4136730,fan_pressure,0.0
105,4136730,fan_pressure_range,0.0
105,4136730,f_ctrl,0.9223210738148823
105,4136730,f_ctrl_range,0.0
105,4136730,hrv_eff,0.0
105,4136730,hrv_eff_range,0.0
105,4136730,infiltration_schedule_name,0.0
105,4136730,ventilation_schedule_name,0.0
105,4136730,system_type,0.0
105,4136730,flow_exponent,0.67
105,4136730,infiltration_total_m3_s,0.0019798221857973927
105,4136730,ventilation_total_m3_s,0.035
106,4136730,infiltration_base,1.2278853596915769
106,4136730,infiltration_base_range,0.0
106,4136730,year_factor,0.9050021510445334
106,4136730,year_factor_range,0.0
106,4136730,fan_pressure,0.0
106,4136730,fan_pressure_range,0.0
106,4136730,f_ctrl,0.9223210738148823
106,4136730,f_ctrl_range,0.0
106,4136730,hrv_eff,0.0
106,4136730,hrv_eff_range,0.0
106,4136730,infiltration_schedule_name,0.0
106,4136730,ventilation_schedule_name,0.0
106,4136730,system_type,0.0
106,4136730,flow_exponent,0.67
106,4136730,infiltration_total_m3_s,0.0019798221857973927
106,4136730,ventilation_total_m3_s,0.035
107,4136730,infiltration_base,1.2278853596915769
107,4136730,infiltration_base_range,0.0
107,4136730,year_factor,0.9050021510445334
107,4136730,year_factor_range,0.0
107,4136730,fan_pressure,0.0
107,4136730,fan_pressure_range,0.0
107,4136730,f_ctrl,0.9223210738148823
107,4136730,f_ctrl_range,0.0
107,4136730,hrv_eff,0.0
107,4136730,hrv_eff_range,0.0
107,4136730,infiltration_schedule_name,0.0
107,4136730,ventilation_schedule_name,0.0
107,4136730,system_type,0.0
107,4136730,flow_exponent,0.67
107,4136730,infiltration_total_m3_s,0.0019798221857973927
107,4136730,ventilation_total_m3_s,0.035
108,4136730,infiltration_base,1.2278853596915769
108,4136730,infiltration_base_range,0.0
108,4136730,year_factor,0.9050021510445334
108,4136730,year_factor_range,0.0
108,4136730,fan_pressure,0.0
108,4136730,fan_pressure_range,0.0
108,4136730,f_ctrl,0.9223210738148823
108,4136730,f_ctrl_range,0.0
108,4136730,hrv_eff,0.0
108,4136730,hrv_eff_range,0.0
108,4136730,infiltration_schedule_name,0.0
108,4136730,ventilation_schedule_name,0.0
108,4136730,system_type,0.0
108,4136730,flow_exponent,0.67
108,4136730,infiltration_total_m3_s,0.0019798221857973927
108,4136730,ventilation_total_m3_s,0.035
109,4136730,infiltration_base,1.2278853596915769
109,4136730,infiltration_base_range,0.0
109,4136730,year_factor,0.9050021510445334
109,4136730,year_factor_range,0.0
109,4136730,fan_pressure,0.0
109,4136730,fan_pressure_range,0.0
109,4136730,f_ctrl,0.9223210738148823
109,4136730,f_ctrl_range,0.0
109,4136730,hrv_eff,0.0
109,4136730,hrv_eff_range,0.0
109,4136730,infiltration_schedule_name,0.0
109,4136730,ventilation_schedule_name,0.0
109,4136730,system_type,0.0
109,4136730,flow_exponent,0.67
109,4136730,infiltration_total_m3_s,0.0019798221857973927
109,4136730,ventilation_total_m3_s,0.035
110,4136730,infiltration_base,1.2278853596915769
110,4136730,infiltration_base_range,0.0
110,4136730,year_factor,0.9050021510445334
110,4136730,year_factor_range,0.0
110,4136730,fan_pressure,0.0
110,4136730,fan_pressure_range,0.0
110,4136730,f_ctrl,0.9223210738148823
110,4136730,f_ctrl_range,0.0
110,4136730,hrv_eff,0.0
110,4136730,hrv_eff_range,0.0
110,4136730,infiltration_schedule_name,0.0
110,4136730,ventilation_schedule_name,0.0
110,4136730,system_type,0.0
110,4136730,flow_exponent,0.67
110,4136730,infiltration_total_m3_s,0.0019798221857973927
110,4136730,ventilation_total_m3_s,0.035
111,4136730,infiltration_base,1.2278853596915769
111,4136730,infiltration_base_range,0.0
111,4136730,year_factor,0.9050021510445334
111,4136730,year_factor_range,0.0
111,4136730,fan_pressure,0.0
111,4136730,fan_pressure_range,0.0
111,4136730,f_ctrl,0.9223210738148823
111,4136730,f_ctrl_range,0.0
111,4136730,hrv_eff,0.0
111,4136730,hrv_eff_range,0.0
111,4136730,infiltration_schedule_name,0.0
111,4136730,ventilation_schedule_name,0.0
111,4136730,system_type,0.0
111,4136730,flow_exponent,0.67
111,4136730,infiltration_total_m3_s,0.0019798221857973927
111,4136730,ventilation_total_m3_s,0.035
112,4136730,infiltration_base,1.2278853596915769
112,4136730,infiltration_base_range,0.0
112,4136730,year_factor,0.9050021510445334
112,4136730,year_factor_range,0.0
112,4136730,fan_pressure,0.0
112,4136730,fan_pressure_range,0.0
112,4136730,f_ctrl,0.9223210738148823
112,4136730,f_ctrl_range,0.0
112,4136730,hrv_eff,0.0
112,4136730,hrv_eff_range,0.0
112,4136730,infiltration_schedule_name,0.0
112,4136730,ventilation_schedule_name,0.0
112,4136730,system_type,0.0
112,4136730,flow_exponent,0.67
112,4136730,infiltration_total_m3_s,0.0019798221857973927
112,4136730,ventilation_total_m3_s,0.035
113,4136730,infiltration_base,1.2278853596915769
113,4136730,infiltration_base_range,0.0
113,4136730,year_factor,0.9050021510445334
113,4136730,year_factor_range,0.0
113,4136730,fan_pressure,0.0
113,4136730,fan_pressure_range,0.0
113,4136730,f_ctrl,0.9223210738148823
113,4136730,f_ctrl_range,0.0
113,4136730,hrv_eff,0.0
113,4136730,hrv_eff_range,0.0
113,4136730,infiltration_schedule_name,0.0
113,4136730,ventilation_schedule_name,0.0
113,4136730,system_type,0.0
113,4136730,flow_exponent,0.67
113,4136730,infiltration_total_m3_s,0.0019798221857973927
113,4136730,ventilation_total_m3_s,0.035
114,4136730,infiltration_base,1.2278853596915769
114,4136730,infiltration_base_range,0.0
114,4136730,year_factor,0.9050021510445334
114,4136730,year_factor_range,0.0
114,4136730,fan_pressure,0.0
114,4136730,fan_pressure_range,0.0
114,4136730,f_ctrl,0.9223210738148823
114,4136730,f_ctrl_range,0.0
114,4136730,hrv_eff,0.0
114,4136730,hrv_eff_range,0.0
114,4136730,infiltration_schedule_name,0.0
114,4136730,ventilation_schedule_name,0.0
114,4136730,system_type,0.0
114,4136730,flow_exponent,0.67
114,4136730,infiltration_total_m3_s,0.0019798221857973927
114,4136730,ventilation_total_m3_s,0.035
115,4136730,infiltration_base,1.2278853596915769
115,4136730,infiltration_base_range,0.0
115,4136730,year_factor,0.9050021510445334
115,4136730,year_factor_range,0.0
115,4136730,fan_pressure,0.0
115,4136730,fan_pressure_range,0.0
115,4136730,f_ctrl,0.9223210738148823
115,4136730,f_ctrl_range,0.0
115,4136730,hrv_eff,0.0
115,4136730,hrv_eff_range,0.0
115,4136730,infiltration_schedule_name,0.0
115,4136730,ventilation_schedule_name,0.0
115,4136730,system_type,0.0
115,4136730,flow_exponent,0.67
115,4136730,infiltration_total_m3_s,0.0019798221857973927
115,4136730,ventilation_total_m3_s,0.035
116,4136730,infiltration_base,1.2278853596915769
116,4136730,infiltration_base_range,0.0
116,4136730,year_factor,0.9050021510445334
116,4136730,year_factor_range,0.0
116,4136730,fan_pressure,0.0
116,4136730,fan_pressure_range,0.0
116,4136730,f_ctrl,0.9223210738148823
116,4136730,f_ctrl_range,0.0
116,4136730,hrv_eff,0.0
116,4136730,hrv_eff_range,0.0
116,4136730,infiltration_schedule_name,0.0
116,4136730,ventilation_schedule_name,0.0
116,4136730,system_type,0.0
116,4136730,flow_exponent,0.67
116,4136730,infiltration_total_m3_s,0.0019798221857973927
116,4136730,ventilation_total_m3_s,0.035
117,4136730,infiltration_base,1.2278853596915769
117,4136730,infiltration_base_range,0.0
117,4136730,year_factor,0.9050021510445334
117,4136730,year_factor_range,0.0
117,4136730,fan_pressure,0.0
117,4136730,fan_pressure_range,0.0
117,4136730,f_ctrl,0.9223210738148823
117,4136730,f_ctrl_range,0.0
117,4136730,hrv_eff,0.0
117,4136730,hrv_eff_range,0.0
117,4136730,infiltration_schedule_name,0.0
117,4136730,ventilation_schedule_name,0.0
117,4136730,system_type,0.0
117,4136730,flow_exponent,0.67
117,4136730,infiltration_total_m3_s,0.0019798221857973927
117,4136730,ventilation_total_m3_s,0.035
118,4136730,infiltration_base,1.2278853596915769
118,4136730,infiltration_base_range,0.0
118,4136730,year_factor,0.9050021510445334
118,4136730,year_factor_range,0.0
118,4136730,fan_pressure,0.0
118,4136730,fan_pressure_range,0.0
118,4136730,f_ctrl,0.9223210738148823
118,4136730,f_ctrl_range,0.0
118,4136730,hrv_eff,0.0
118,4136730,hrv_eff_range,0.0
118,4136730,infiltration_schedule_name,0.0
118,4136730,ventilation_schedule_name,0.0
118,4136730,system_type,0.0
118,4136730,flow_exponent,0.67
118,4136730,infiltration_total_m3_s,0.0019798221857973927
118,4136730,ventilation_total_m3_s,0.035
119,4136730,infiltration_base,1.2278853596915769
119,4136730,infiltration_base_range,0.0
119,4136730,year_factor,0.9050021510445334
119,4136730,year_factor_range,0.0
119,4136730,fan_pressure,0.0
119,4136730,fan_pressure_range,0.0
119,4136730,f_ctrl,0.9223210738148823
119,4136730,f_ctrl_range,0.0
119,4136730,hrv_eff,0.0
119,4136730,hrv_eff_range,0.0
119,4136730,infiltration_schedule_name,0.0
119,4136730,ventilation_schedule_name,0.0
119,4136730,system_type,0.0
119,4136730,flow_exponent,0.67
119,4136730,infiltration_total_m3_s,0.0019798221857973927
119,4136730,ventilation_total_m3_s,0.035
